"OrderId","OrderDate","ProductId","Quantity","UnitPrice","LineTotal","Channel","Shipped"
"1","2026-05-18","19","4","360.07","1440.28","Partner","TRUE"
"2","2026-07-27","102","2","274.28","548.56","Partner","FALSE"
"3","2026-08-24","58","33","478.64","15795.12","Online","FALSE"
"4","2025-01-30","42","20","498.42","9968.4","Direct","TRUE"
"5","2026-03-08","85","39","615.33","23997.87","Retail","TRUE"
"6","2026-08-05","131","9","711.61","6404.49","Partner","TRUE"
"7","2025-04-22","97","34","729.55","24804.7","Direct","TRUE"
"8","2026-08-08","138","17","919.11","15624.87","Partner","TRUE"
"9","2026-02-07","159","33","1067.3","35220.9","Retail","TRUE"
"10","2024-10-26","114","37","1132.89","41916.93","Online","TRUE"
"11","2025-06-28","66","4","67.31","269.24","Direct","FALSE"
"12","2026-04-19","115","15","372.23","5583.45","Online","TRUE"
"13","2025-07-20","97","34","1150.14","39104.76","Partner","TRUE"
"14","2025-01-28","167","5","132.12","660.6","Direct","FALSE"
"15","2025-06-19","91","7","935.32","6547.24","Retail","TRUE"
"16","2026-06-05","144","27","211.71","5716.17","Direct","TRUE"
"17","2025-10-02","42","35","1026.21","35917.35","Online","TRUE"
"18","2026-04-25","54","8","752.35","6018.8","Direct","TRUE"
"19","2025-06-01","142","36","811.05","29197.8","Direct","TRUE"
"20","2024-11-18","132","38","890.47","33837.86","Direct","TRUE"
"21","2026-01-11","177","7","765.45","5358.15","Partner","TRUE"
"22","2025-07-16","127","39","1183.22","46145.58","Retail","TRUE"
"23","2026-08-06","74","8","127.84","1022.72","Online","TRUE"
"24","2025-03-14","198","11","1053.91","11593.01","Online","TRUE"
"25","2024-10-08","18","12","919.26","11031.12","Direct","TRUE"
"26","2026-03-06","25","4","323.09","1292.36","Retail","TRUE"
"27","2026-06-21","150","11","695.81","7653.91","Direct","TRUE"
"28","2025-10-02","34","36","241.23","8684.28","Partner","TRUE"
"29","2024-12-26","132","24","1059.79","25434.96","Retail","TRUE"
"30","2024-12-09","98","13","1155.22","15017.86","Partner","FALSE"
"31","2026-06-15","88","1","137.79","137.79","Online","TRUE"
"32","2025-07-18","162","17","202.79","3447.43","Retail","TRUE"
"33","2024-10-19","120","29","783.48","22720.92","Retail","TRUE"
"34","2026-01-18","150","10","626.09","6260.9","Direct","TRUE"
"35","2025-11-01","161","21","750.05","15751.05","Online","TRUE"
"36","2025-10-16","77","34","1176.41","39997.94","Partner","TRUE"
"37","2025-10-15","25","13","1096.58","14255.54","Online","TRUE"
"38","2026-05-06","106","9","1078.09","9702.81","Partner","TRUE"
"39","2025-09-12","195","31","225.09","6977.79","Partner","TRUE"
"40","2025-09-09","125","34","535.57","18209.38","Online","TRUE"
"41","2025-06-02","198","33","95.76","3160.08","Direct","TRUE"
"42","2026-03-06","174","15","467.73","7015.95","Partner","TRUE"
"43","2026-02-02","83","34","1166.05","39645.7","Partner","FALSE"
"44","2025-05-15","99","9","836.84","7531.56","Direct","TRUE"
"45","2026-02-04","14","23","1050.55","24162.65","Retail","TRUE"
"46","2025-12-13","101","11","516.39","5680.29","Direct","TRUE"
"47","2026-05-17","43","5","113.26","566.3","Direct","TRUE"
"48","2024-12-04","156","31","769.86","23865.66","Online","TRUE"
"49","2025-11-30","171","2","740.29","1480.58","Partner","FALSE"
"50","2026-01-16","27","6","1180.21","7081.26","Partner","TRUE"
"51","2026-05-10","159","11","738.96","8128.56","Partner","TRUE"
"52","2025-10-12","53","22","141.93","3122.46","Direct","TRUE"
"53","2026-04-17","89","10","524.88","5248.8","Online","TRUE"
"54","2025-04-23","62","5","1030.31","5151.55","Direct","TRUE"
"55","2025-06-23","19","24","1067.66","25623.84","Partner","TRUE"
"56","2026-03-07","9","19","46.92","891.48","Direct","FALSE"
"57","2026-03-24","19","33","194.06","6403.98","Retail","TRUE"
"58","2025-08-14","73","20","68.25","1365","Online","TRUE"
"59","2024-09-24","42","30","174.3","5229","Partner","FALSE"
"60","2026-04-05","24","13","321.12","4174.56","Partner","FALSE"
"61","2026-03-09","28","13","1177.26","15304.38","Partner","TRUE"
"62","2026-04-26","31","35","395.28","13834.8","Retail","TRUE"
"63","2025-06-19","67","39","720.09","28083.51","Retail","TRUE"
"64","2026-01-04","143","19","405.23","7699.37","Online","TRUE"
"65","2026-02-13","91","11","19.13","210.43","Partner","TRUE"
"66","2026-08-26","135","23","1005.91","23135.93","Direct","TRUE"
"67","2026-02-25","2","39","1001.8","39070.2","Direct","FALSE"
"68","2026-03-03","158","31","386.59","11984.29","Retail","TRUE"
"69","2026-09-01","114","7","563.96","3947.72","Retail","TRUE"
"70","2024-10-19","161","31","470.32","14579.92","Direct","FALSE"
"71","2025-08-15","194","37","819.59","30324.83","Partner","TRUE"
"72","2024-09-20","166","31","664.88","20611.28","Retail","TRUE"
"73","2024-10-09","183","16","352.74","5643.84","Retail","TRUE"
"74","2026-07-21","23","9","271.3","2441.7","Partner","FALSE"
"75","2024-11-19","54","26","470.87","12242.62","Online","TRUE"
"76","2025-07-24","165","1","136.78","136.78","Online","TRUE"
"77","2025-08-10","127","38","63.58","2416.04","Direct","TRUE"
"78","2025-07-25","144","6","477.48","2864.88","Online","TRUE"
"79","2026-03-04","66","32","201.67","6453.44","Direct","TRUE"
"80","2025-03-12","6","31","1058.78","32822.18","Online","TRUE"
"81","2025-12-18","13","39","1108.07","43214.73","Online","TRUE"
"82","2024-12-22","105","17","1111.34","18892.78","Direct","TRUE"
"83","2026-09-13","146","6","613.98","3683.88","Direct","TRUE"
"84","2025-11-29","179","1","260.02","260.02","Retail","TRUE"
"85","2025-07-05","91","2","673","1346","Retail","TRUE"
"86","2024-10-02","15","8","1084.95","8679.6","Online","FALSE"
"87","2024-10-12","1","23","564.97","12994.31","Partner","TRUE"
"88","2026-06-20","172","15","701.13","10516.95","Partner","TRUE"
"89","2026-08-24","87","13","923.86","12010.18","Retail","FALSE"
"90","2025-05-29","150","29","1039.25","30138.25","Retail","TRUE"
"91","2024-11-24","159","22","917.4","20182.8","Online","FALSE"
"92","2025-08-14","13","13","341.36","4437.68","Online","FALSE"
"93","2024-10-22","163","37","1021.71","37803.27","Retail","TRUE"
"94","2025-01-14","19","15","180.97","2714.55","Partner","TRUE"
"95","2025-04-10","67","5","1079.71","5398.55","Online","FALSE"
"96","2026-07-17","55","7","947.81","6634.67","Direct","TRUE"
"97","2025-08-25","3","30","371.23","11136.9","Retail","TRUE"
"98","2025-09-29","144","6","1144.04","6864.24","Partner","TRUE"
"99","2025-07-02","114","32","76.14","2436.48","Direct","FALSE"
"100","2026-05-27","174","36","400.89","14432.04","Direct","TRUE"
"101","2026-04-12","33","26","1106.67","28773.42","Retail","TRUE"
"102","2026-05-26","101","25","155.3","3882.5","Online","FALSE"
"103","2025-06-03","138","2","989.76","1979.52","Partner","TRUE"
"104","2025-04-13","74","27","685.52","18509.04","Partner","TRUE"
"105","2025-04-01","48","20","647.27","12945.4","Online","TRUE"
"106","2025-04-26","23","6","377.03","2262.18","Online","FALSE"
"107","2024-10-22","144","20","75.7","1514","Online","TRUE"
"108","2025-02-21","69","32","113.5","3632","Partner","FALSE"
"109","2025-05-29","88","36","886.4","31910.4","Direct","TRUE"
"110","2024-12-29","146","32","90.85","2907.2","Online","TRUE"
"111","2025-09-19","102","4","929.81","3719.24","Direct","TRUE"
"112","2026-09-01","163","34","354.67","12058.78","Online","TRUE"
"113","2026-08-06","155","34","866.18","29450.12","Direct","FALSE"
"114","2025-07-17","33","33","396.04","13069.32","Online","TRUE"
"115","2024-12-17","160","24","733.82","17611.68","Online","FALSE"
"116","2025-12-12","29","19","77.37","1470.03","Online","FALSE"
"117","2024-12-19","40","26","999.76","25993.76","Partner","TRUE"
"118","2025-01-27","150","21","541.01","11361.21","Direct","TRUE"
"119","2025-11-20","99","39","377.94","14739.66","Retail","TRUE"
"120","2026-05-10","146","33","157.51","5197.83","Direct","TRUE"
"121","2025-01-21","189","11","631.06","6941.66","Partner","FALSE"
"122","2025-06-15","191","27","88.53","2390.31","Online","TRUE"
"123","2026-09-05","147","29","162.84","4722.36","Partner","TRUE"
"124","2025-12-24","80","23","223.6","5142.8","Online","TRUE"
"125","2025-10-24","66","37","734.66","27182.42","Partner","TRUE"
"126","2026-05-12","98","7","748.2","5237.4","Partner","TRUE"
"127","2024-12-25","27","29","453.68","13156.72","Online","FALSE"
"128","2025-11-14","17","6","109.35","656.1","Online","TRUE"
"129","2024-10-25","134","27","546.96","14767.92","Online","TRUE"
"130","2025-08-05","61","32","577.26","18472.32","Online","TRUE"
"131","2024-09-29","19","15","1001.82","15027.3","Retail","TRUE"
"132","2025-10-12","156","5","41.85","209.25","Direct","TRUE"
"133","2024-10-13","4","15","956.8","14352","Online","TRUE"
"134","2025-04-02","6","35","1122.96","39303.6","Online","TRUE"
"135","2026-02-15","76","31","198.84","6164.04","Direct","TRUE"
"136","2025-02-06","122","39","996.92","38879.88","Direct","TRUE"
"137","2026-07-28","126","20","926.48","18529.6","Direct","TRUE"
"138","2025-02-23","20","15","1183.36","17750.4","Retail","TRUE"
"139","2026-04-07","51","21","438.52","9208.92","Direct","FALSE"
"140","2026-07-23","195","36","121.36","4368.96","Partner","TRUE"
"141","2025-02-28","60","4","54.27","217.08","Direct","FALSE"
"142","2025-11-15","16","33","963.38","31791.54","Direct","TRUE"
"143","2025-10-22","178","12","296.81","3561.72","Partner","TRUE"
"144","2026-01-23","156","11","295.5","3250.5","Direct","TRUE"
"145","2026-06-22","182","32","92.5","2960","Online","TRUE"
"146","2026-08-15","102","15","217.91","3268.65","Online","FALSE"
"147","2025-01-24","108","12","150.59","1807.08","Direct","TRUE"
"148","2026-05-06","107","23","839.76","19314.48","Retail","TRUE"
"149","2025-08-17","129","13","974.07","12662.91","Online","FALSE"
"150","2025-07-11","154","9","1011.82","9106.38","Online","FALSE"
"151","2026-07-06","183","20","544.64","10892.8","Direct","TRUE"
"152","2024-12-24","79","17","913.74","15533.58","Direct","TRUE"
"153","2025-01-13","27","31","1126.74","34928.94","Partner","FALSE"
"154","2024-12-02","49","2","350.14","700.28","Online","TRUE"
"155","2026-09-08","34","21","382.28","8027.88","Partner","TRUE"
"156","2025-08-18","86","1","572.52","572.52","Direct","FALSE"
"157","2026-02-04","197","22","1178.29","25922.38","Online","FALSE"
"158","2025-02-22","141","26","46.14","1199.64","Partner","FALSE"
"159","2026-06-09","71","5","494.43","2472.15","Retail","TRUE"
"160","2026-06-08","101","34","687.97","23390.98","Direct","TRUE"
"161","2025-12-13","8","31","696.9","21603.9","Online","TRUE"
"162","2025-09-23","1","9","759.38","6834.42","Online","FALSE"
"163","2026-08-07","92","23","753.95","17340.85","Partner","TRUE"
"164","2025-09-24","147","13","253.49","3295.37","Direct","TRUE"
"165","2025-10-25","89","25","60.91","1522.75","Direct","TRUE"
"166","2026-08-29","171","32","391.69","12534.08","Direct","TRUE"
"167","2025-01-05","128","29","1055.88","30620.52","Partner","FALSE"
"168","2025-04-23","148","5","595.71","2978.55","Online","TRUE"
"169","2026-04-09","29","26","218.67","5685.42","Direct","TRUE"
"170","2025-04-12","8","1","98.81","98.81","Online","TRUE"
"171","2026-08-25","32","15","1041.63","15624.45","Online","TRUE"
"172","2025-12-27","154","22","1160.5","25531","Partner","TRUE"
"173","2026-06-27","150","29","170.88","4955.52","Online","TRUE"
"174","2025-12-31","188","3","1096.67","3290.01","Online","TRUE"
"175","2026-09-08","63","26","140.98","3665.48","Retail","FALSE"
"176","2025-06-07","110","24","55.86","1340.64","Direct","TRUE"
"177","2025-11-03","107","3","942.45","2827.35","Partner","TRUE"
"178","2025-11-01","169","38","34.67","1317.46","Partner","TRUE"
"179","2024-10-16","173","11","187.3","2060.3","Retail","TRUE"
"180","2026-02-12","79","8","649.21","5193.68","Partner","FALSE"
"181","2025-12-19","75","36","352.29","12682.44","Retail","TRUE"
"182","2026-01-23","135","9","201.74","1815.66","Partner","TRUE"
"183","2025-05-20","81","2","558.41","1116.82","Direct","TRUE"
"184","2025-02-24","181","2","1014.12","2028.24","Partner","TRUE"
"185","2025-03-26","13","34","409.59","13926.06","Direct","TRUE"
"186","2025-10-01","60","12","596.37","7156.44","Direct","TRUE"
"187","2025-12-29","21","38","1050.68","39925.84","Retail","TRUE"
"188","2024-12-19","120","2","639.23","1278.46","Retail","TRUE"
"189","2026-06-06","15","4","655.37","2621.48","Partner","TRUE"
"190","2025-01-26","191","34","676.65","23006.1","Online","TRUE"
"191","2025-08-19","4","24","673.95","16174.8","Retail","TRUE"
"192","2024-11-08","181","27","123.91","3345.57","Retail","TRUE"
"193","2026-03-25","98","15","113.73","1705.95","Retail","TRUE"
"194","2026-09-11","36","29","914.48","26519.92","Retail","TRUE"
"195","2024-12-26","118","35","479.16","16770.6","Direct","TRUE"
"196","2025-09-19","49","33","67.98","2243.34","Retail","TRUE"
"197","2024-10-31","114","29","743.15","21551.35","Online","TRUE"
"198","2025-08-07","6","27","724.91","19572.57","Direct","FALSE"
"199","2024-09-23","66","32","24.86","795.52","Retail","TRUE"
"200","2025-12-15","45","7","1100.92","7706.44","Retail","TRUE"
"201","2024-11-03","123","14","713.94","9995.16","Online","TRUE"
"202","2026-05-26","177","26","778.75","20247.5","Retail","TRUE"
"203","2025-01-26","100","23","694.31","15969.13","Direct","FALSE"
"204","2025-12-27","161","10","335.63","3356.3","Online","TRUE"
"205","2024-12-09","42","6","412.16","2472.96","Direct","TRUE"
"206","2026-04-12","118","8","162.01","1296.08","Partner","TRUE"
"207","2025-05-31","24","5","897.01","4485.05","Partner","TRUE"
"208","2025-02-25","172","28","170.92","4785.76","Partner","TRUE"
"209","2026-03-10","182","18","437.45","7874.1","Direct","TRUE"
"210","2026-03-20","186","20","608.35","12167","Retail","TRUE"
"211","2026-01-01","84","7","447.99","3135.93","Partner","TRUE"
"212","2025-02-19","5","29","114.29","3314.41","Direct","TRUE"
"213","2025-03-23","20","24","1076.44","25834.56","Retail","TRUE"
"214","2026-07-30","121","34","1123.06","38184.04","Retail","TRUE"
"215","2025-09-21","176","4","305.32","1221.28","Partner","FALSE"
"216","2026-01-07","52","26","550.68","14317.68","Partner","TRUE"
"217","2025-08-19","50","12","978.16","11737.92","Partner","FALSE"
"218","2026-08-17","118","9","864.63","7781.67","Online","TRUE"
"219","2026-06-12","94","18","928.24","16708.32","Retail","TRUE"
"220","2025-10-14","34","1","84.8","84.8","Online","TRUE"
"221","2025-08-08","61","30","706.73","21201.9","Online","TRUE"
"222","2026-01-11","37","36","1075.55","38719.8","Direct","TRUE"
"223","2026-06-02","76","29","268.07","7774.03","Direct","TRUE"
"224","2025-10-30","70","14","886.7","12413.8","Online","TRUE"
"225","2026-01-27","38","33","1039.56","34305.48","Online","TRUE"
"226","2026-04-14","166","25","303.48","7587","Direct","TRUE"
"227","2026-05-18","48","2","933.59","1867.18","Online","TRUE"
"228","2026-05-17","110","8","77.18","617.44","Online","FALSE"
"229","2025-08-06","171","35","153.55","5374.25","Retail","TRUE"
"230","2025-02-02","168","2","1030.53","2061.06","Online","TRUE"
"231","2026-02-22","173","34","216.39","7357.26","Partner","TRUE"
"232","2026-06-12","92","33","351.09","11585.97","Retail","TRUE"
"233","2025-04-22","19","23","659.1","15159.3","Online","FALSE"
"234","2025-03-28","162","8","977.94","7823.52","Partner","TRUE"
"235","2025-12-08","47","39","651.55","25410.45","Retail","TRUE"
"236","2025-04-23","19","2","123.22","246.44","Retail","TRUE"
"237","2026-05-05","190","37","665.18","24611.66","Online","TRUE"
"238","2025-11-24","118","23","712.31","16383.13","Direct","TRUE"
"239","2025-07-25","120","39","923.49","36016.11","Partner","TRUE"
"240","2024-09-21","129","1","597.11","597.11","Direct","TRUE"
"241","2025-02-02","31","22","701.66","15436.52","Online","FALSE"
"242","2025-05-27","47","19","589.95","11209.05","Online","FALSE"
"243","2025-06-08","189","34","1054.53","35854.02","Direct","TRUE"
"244","2026-03-05","63","29","1052.05","30509.45","Partner","TRUE"
"245","2025-10-01","5","19","1088.23","20676.37","Direct","TRUE"
"246","2026-01-23","104","16","497.54","7960.64","Online","FALSE"
"247","2026-03-12","133","37","1122.87","41546.19","Partner","TRUE"
"248","2025-11-27","94","33","143.82","4746.06","Online","TRUE"
"249","2026-08-22","107","11","690.15","7591.65","Retail","TRUE"
"250","2025-06-13","171","30","136.4","4092","Online","FALSE"
"251","2026-05-24","58","13","167.18","2173.34","Direct","TRUE"
"252","2026-05-23","158","8","599.99","4799.92","Direct","TRUE"
"253","2025-02-23","94","12","984.88","11818.56","Online","TRUE"
"254","2026-04-20","25","33","806.62","26618.46","Partner","TRUE"
"255","2026-04-04","121","15","1114.93","16723.95","Partner","TRUE"
"256","2025-02-20","2","31","315.48","9779.88","Direct","TRUE"
"257","2026-07-04","123","30","143.06","4291.8","Partner","TRUE"
"258","2025-08-20","30","18","320.74","5773.32","Partner","TRUE"
"259","2026-02-27","85","31","1126.54","34922.74","Direct","TRUE"
"260","2026-06-13","15","1","120.06","120.06","Partner","TRUE"
"261","2026-06-15","26","32","734.29","23497.28","Retail","TRUE"
"262","2026-06-13","143","15","67.12","1006.8","Partner","TRUE"
"263","2025-04-01","179","34","756.37","25716.58","Online","FALSE"
"264","2025-04-03","169","27","1050.21","28355.67","Direct","TRUE"
"265","2024-12-25","192","32","1191.1","38115.2","Retail","TRUE"
"266","2025-10-09","91","26","93.93","2442.18","Direct","FALSE"
"267","2025-05-13","176","38","320.56","12181.28","Direct","TRUE"
"268","2025-10-07","111","13","984.45","12797.85","Retail","TRUE"
"269","2026-05-12","86","17","43.5","739.5","Partner","FALSE"
"270","2025-09-20","165","18","208.23","3748.14","Online","TRUE"
"271","2025-01-04","123","30","356.35","10690.5","Retail","TRUE"
"272","2025-08-13","168","11","883.34","9716.74","Online","FALSE"
"273","2026-07-07","58","20","252.38","5047.6","Direct","TRUE"
"274","2024-11-16","50","5","751.66","3758.3","Retail","TRUE"
"275","2026-01-07","189","29","32.55","943.95","Direct","TRUE"
"276","2024-10-16","48","10","449.48","4494.8","Partner","TRUE"
"277","2024-11-29","73","19","726.68","13806.92","Retail","TRUE"
"278","2024-10-19","51","13","515.34","6699.42","Retail","FALSE"
"279","2026-08-21","146","38","489.54","18602.52","Retail","TRUE"
"280","2025-06-10","126","26","884.82","23005.32","Partner","TRUE"
"281","2026-06-03","168","37","1034.84","38289.08","Retail","TRUE"
"282","2026-08-27","161","37","827.02","30599.74","Retail","TRUE"
"283","2025-04-17","200","9","708.85","6379.65","Online","TRUE"
"284","2024-11-02","11","36","140.23","5048.28","Direct","FALSE"
"285","2025-07-01","157","30","1158.88","34766.4","Direct","TRUE"
"286","2024-11-26","86","16","57.3","916.8","Online","TRUE"
"287","2026-05-07","116","9","770.22","6931.98","Direct","TRUE"
"288","2026-01-15","146","30","149.3","4479","Partner","TRUE"
"289","2026-07-08","139","24","349.72","8393.28","Online","FALSE"
"290","2024-12-12","66","31","603","18693","Online","TRUE"
"291","2025-04-05","49","30","1001.15","30034.5","Partner","TRUE"
"292","2026-09-12","66","1","208.72","208.72","Retail","FALSE"
"293","2025-08-09","58","39","1107.82","43204.98","Retail","TRUE"
"294","2026-07-23","74","33","968.5","31960.5","Online","TRUE"
"295","2025-01-19","36","28","1114.51","31206.28","Retail","FALSE"
"296","2025-08-22","120","15","1045.94","15689.1","Retail","FALSE"
"297","2026-03-29","164","12","884.01","10608.12","Direct","TRUE"
"298","2024-12-19","61","6","1164.17","6985.02","Online","TRUE"
"299","2025-11-16","153","39","798.45","31139.55","Retail","TRUE"
"300","2025-05-29","145","17","113.45","1928.65","Direct","TRUE"
"301","2025-05-04","31","23","121.72","2799.56","Retail","TRUE"
"302","2025-01-01","180","23","1037.07","23852.61","Partner","TRUE"
"303","2026-01-24","158","39","1118.92","43637.88","Online","TRUE"
"304","2025-01-07","89","25","984.1","24602.5","Direct","TRUE"
"305","2025-12-04","173","20","251.16","5023.2","Retail","TRUE"
"306","2026-06-21","180","9","932.84","8395.56","Retail","TRUE"
"307","2026-05-07","164","20","442.79","8855.8","Partner","TRUE"
"308","2026-08-24","136","3","991.71","2975.13","Retail","TRUE"
"309","2025-04-04","142","23","400.18","9204.14","Retail","TRUE"
"310","2026-03-11","126","4","323.34","1293.36","Direct","TRUE"
"311","2025-05-14","90","30","348.76","10462.8","Partner","TRUE"
"312","2025-10-25","46","34","1079.58","36705.72","Direct","TRUE"
"313","2025-04-04","36","19","335.74","6379.06","Online","TRUE"
"314","2025-12-07","152","23","565.2","12999.6","Partner","TRUE"
"315","2026-04-15","123","25","362.86","9071.5","Partner","FALSE"
"316","2026-04-11","40","37","1128.88","41768.56","Partner","TRUE"
"317","2026-01-21","106","14","211.39","2959.46","Partner","TRUE"
"318","2025-02-22","92","1","864.86","864.86","Retail","TRUE"
"319","2025-12-24","10","33","1195.87","39463.71","Online","TRUE"
"320","2025-03-17","137","8","739.84","5918.72","Online","TRUE"
"321","2026-07-27","178","25","1091.99","27299.75","Online","TRUE"
"322","2026-02-22","189","4","985.41","3941.64","Retail","FALSE"
"323","2025-12-13","22","4","827.94","3311.76","Online","TRUE"
"324","2026-04-11","200","39","1009.52","39371.28","Direct","FALSE"
"325","2026-08-29","34","34","574.32","19526.88","Direct","TRUE"
"326","2024-11-12","113","31","940.7","29161.7","Online","TRUE"
"327","2025-02-05","150","13","317.16","4123.08","Partner","TRUE"
"328","2024-09-19","200","2","289.37","578.74","Retail","TRUE"
"329","2025-03-08","55","34","277.68","9441.12","Online","TRUE"
"330","2026-06-23","73","32","549.15","17572.8","Retail","TRUE"
"331","2025-05-02","149","18","1060.69","19092.42","Retail","TRUE"
"332","2025-01-18","140","15","380.84","5712.6","Online","TRUE"
"333","2026-03-29","169","17","172.39","2930.63","Direct","TRUE"
"334","2024-10-19","83","36","97.77","3519.72","Retail","TRUE"
"335","2026-06-05","69","32","462.83","14810.56","Online","TRUE"
"336","2026-08-17","115","32","339.85","10875.2","Partner","TRUE"
"337","2026-04-23","26","34","1055.82","35897.88","Direct","TRUE"
"338","2026-03-04","16","13","1047.7","13620.1","Direct","TRUE"
"339","2026-04-30","195","34","345.44","11744.96","Retail","TRUE"
"340","2024-09-27","3","2","493.19","986.38","Retail","TRUE"
"341","2026-01-11","171","28","464.26","12999.28","Online","TRUE"
"342","2025-10-15","174","36","173.94","6261.84","Direct","TRUE"
"343","2025-04-08","149","33","32.28","1065.24","Direct","TRUE"
"344","2025-03-26","68","5","793.56","3967.8","Online","TRUE"
"345","2026-08-04","182","10","1195.73","11957.3","Online","TRUE"
"346","2024-10-05","56","1","1172.46","1172.46","Partner","TRUE"
"347","2024-12-13","31","34","1106.24","37612.16","Online","TRUE"
"348","2024-10-11","91","5","324.81","1624.05","Retail","TRUE"
"349","2025-02-03","98","4","460.6","1842.4","Partner","TRUE"
"350","2024-10-22","155","37","755.8","27964.6","Online","TRUE"
"351","2025-09-23","61","31","1167.9","36204.9","Online","TRUE"
"352","2025-03-01","128","35","760.98","26634.3","Direct","FALSE"
"353","2026-08-28","181","20","466.88","9337.6","Direct","TRUE"
"354","2026-08-17","177","20","1064.58","21291.6","Retail","TRUE"
"355","2025-04-08","19","30","543.12","16293.6","Direct","FALSE"
"356","2026-01-15","51","6","854.07","5124.42","Retail","TRUE"
"357","2025-04-08","15","15","1175.74","17636.1","Online","TRUE"
"358","2024-09-16","198","11","1198.55","13184.05","Retail","TRUE"
"359","2024-11-03","105","37","969.83","35883.71","Partner","TRUE"
"360","2025-10-04","142","16","160.16","2562.56","Partner","TRUE"
"361","2026-04-15","77","25","1110.29","27757.25","Direct","TRUE"
"362","2025-02-05","144","22","819.06","18019.32","Direct","TRUE"
"363","2024-10-09","126","26","885.75","23029.5","Partner","TRUE"
"364","2025-10-27","140","38","823.68","31299.84","Online","TRUE"
"365","2024-12-18","200","18","446.93","8044.74","Online","TRUE"
"366","2026-08-05","166","16","341.18","5458.88","Retail","FALSE"
"367","2025-09-29","119","28","696.23","19494.44","Online","TRUE"
"368","2026-02-19","150","29","683.35","19817.15","Online","TRUE"
"369","2024-11-08","173","33","174.42","5755.86","Online","FALSE"
"370","2026-03-19","152","19","255.34","4851.46","Online","TRUE"
"371","2025-12-20","143","14","604.96","8469.44","Direct","TRUE"
"372","2025-05-30","171","14","69.45","972.3","Partner","TRUE"
"373","2025-05-13","34","2","1047.48","2094.96","Partner","TRUE"
"374","2025-07-11","43","29","240.04","6961.16","Online","TRUE"
"375","2025-12-02","88","14","253.72","3552.08","Online","TRUE"
"376","2024-11-21","148","6","984.18","5905.08","Online","TRUE"
"377","2025-03-24","169","9","874.05","7866.45","Direct","FALSE"
"378","2025-10-10","34","3","736","2208","Online","TRUE"
"379","2026-06-13","97","11","1041.91","11461.01","Retail","FALSE"
"380","2025-06-27","85","23","1003.46","23079.58","Partner","FALSE"
"381","2025-04-02","55","1","54.65","54.65","Direct","FALSE"
"382","2025-06-20","37","35","298.51","10447.85","Partner","FALSE"
"383","2026-03-10","40","28","1069.28","29939.84","Retail","TRUE"
"384","2024-10-09","176","1","245.23","245.23","Partner","TRUE"
"385","2024-10-16","145","17","509.31","8658.27","Retail","TRUE"
"386","2025-10-26","11","32","432.97","13855.04","Partner","FALSE"
"387","2025-02-25","183","22","349.07","7679.54","Direct","TRUE"
"388","2024-10-28","67","39","613.83","23939.37","Online","TRUE"
"389","2026-01-18","76","22","929.11","20440.42","Retail","FALSE"
"390","2026-05-29","22","18","507.78","9140.04","Direct","TRUE"
"391","2025-07-31","5","34","27.28","927.52","Partner","TRUE"
"392","2026-07-22","65","30","388.25","11647.5","Partner","TRUE"
"393","2026-04-25","128","25","738.48","18462","Partner","FALSE"
"394","2024-11-28","85","6","294.19","1765.14","Online","TRUE"
"395","2025-05-08","109","31","128.85","3994.35","Partner","FALSE"
"396","2025-10-31","188","30","1154.93","34647.9","Retail","TRUE"
"397","2025-09-20","14","7","179.33","1255.31","Online","TRUE"
"398","2026-01-22","193","3","960.64","2881.92","Partner","TRUE"
"399","2025-01-19","138","34","1171.64","39835.76","Retail","TRUE"
"400","2025-12-23","136","11","702.83","7731.13","Direct","FALSE"
"401","2024-11-30","129","29","291.32","8448.28","Direct","TRUE"
"402","2025-03-03","66","22","362.13","7966.86","Retail","TRUE"
"403","2025-02-08","66","24","1051.4","25233.6","Retail","TRUE"
"404","2025-04-12","168","6","967.87","5807.22","Direct","TRUE"
"405","2025-02-18","164","31","1143.52","35449.12","Partner","TRUE"
"406","2025-07-12","134","28","484.87","13576.36","Retail","TRUE"
"407","2026-05-08","175","37","749.06","27715.22","Partner","FALSE"
"408","2026-06-27","8","1","525.84","525.84","Retail","TRUE"
"409","2025-09-13","196","27","784.89","21192.03","Online","TRUE"
"410","2025-04-11","39","26","206.83","5377.58","Partner","TRUE"
"411","2026-08-30","156","12","102.37","1228.44","Retail","TRUE"
"412","2025-11-08","197","2","168.71","337.42","Retail","TRUE"
"413","2026-06-27","31","13","1176.12","15289.56","Partner","TRUE"
"414","2025-07-22","59","33","928.17","30629.61","Direct","TRUE"
"415","2025-08-27","191","19","355.56","6755.64","Online","TRUE"
"416","2024-11-16","193","33","508.95","16795.35","Online","TRUE"
"417","2024-12-20","191","14","483.82","6773.48","Partner","TRUE"
"418","2026-05-27","119","1","286.81","286.81","Partner","FALSE"
"419","2025-04-18","63","3","1115.98","3347.94","Direct","FALSE"
"420","2024-10-08","106","38","176.37","6702.06","Online","TRUE"
"421","2026-08-12","191","9","38.06","342.54","Retail","TRUE"
"422","2025-05-28","6","16","1002.73","16043.68","Direct","TRUE"
"423","2024-10-13","159","36","854.89","30776.04","Partner","TRUE"
"424","2026-01-08","114","26","462.01","12012.26","Partner","TRUE"
"425","2026-07-20","68","17","246.61","4192.37","Partner","TRUE"
"426","2024-11-17","200","21","397.98","8357.58","Retail","TRUE"
"427","2026-03-06","133","8","74.27","594.16","Online","TRUE"
"428","2025-11-23","63","28","134.44","3764.32","Direct","TRUE"
"429","2026-03-09","121","15","628.05","9420.75","Retail","TRUE"
"430","2026-06-09","196","18","518.33","9329.94","Direct","TRUE"
"431","2026-01-30","111","11","394.28","4337.08","Partner","TRUE"
"432","2025-07-09","45","28","863.87","24188.36","Partner","FALSE"
"433","2025-08-18","176","31","954.78","29598.18","Direct","TRUE"
"434","2025-11-23","136","21","131.68","2765.28","Partner","TRUE"
"435","2025-06-19","9","22","53.52","1177.44","Direct","FALSE"
"436","2024-10-11","143","20","794.51","15890.2","Online","TRUE"
"437","2026-05-22","142","6","443.26","2659.56","Online","FALSE"
"438","2025-08-07","146","27","746.69","20160.63","Direct","FALSE"
"439","2025-04-08","66","10","345.9","3459","Retail","FALSE"
"440","2025-02-16","189","22","872.68","19198.96","Direct","FALSE"
"441","2025-12-27","170","32","196.72","6295.04","Retail","TRUE"
"442","2025-11-10","189","30","596.52","17895.6","Online","TRUE"
"443","2024-12-03","114","13","1150.57","14957.41","Online","TRUE"
"444","2025-08-08","134","12","293.32","3519.84","Online","TRUE"
"445","2024-11-25","15","31","838.39","25990.09","Partner","TRUE"
"446","2025-07-23","89","12","779.44","9353.28","Direct","FALSE"
"447","2025-03-10","162","8","911.39","7291.12","Partner","TRUE"
"448","2025-12-17","18","4","165.42","661.68","Online","TRUE"
"449","2025-05-20","109","7","1169.7","8187.9","Direct","TRUE"
"450","2024-10-28","199","34","572.34","19459.56","Online","TRUE"
"451","2026-02-02","7","14","653.36","9147.04","Direct","TRUE"
"452","2024-12-11","109","16","52.88","846.08","Direct","TRUE"
"453","2025-12-03","145","5","258.59","1292.95","Online","TRUE"
"454","2025-07-06","176","22","569.71","12533.62","Retail","TRUE"
"455","2026-08-10","101","8","709.65","5677.2","Direct","TRUE"
"456","2024-09-20","155","1","519.91","519.91","Retail","TRUE"
"457","2026-02-26","157","19","403.48","7666.12","Online","TRUE"
"458","2025-02-16","139","1","804.48","804.48","Direct","TRUE"
"459","2025-03-27","72","11","273.53","3008.83","Direct","TRUE"
"460","2026-04-23","197","13","968.23","12586.99","Retail","TRUE"
"461","2024-09-20","138","35","351.23","12293.05","Partner","TRUE"
"462","2026-06-23","158","23","1160.3","26686.9","Retail","TRUE"
"463","2026-05-28","107","39","898.53","35042.67","Direct","TRUE"
"464","2025-01-12","111","28","290.48","8133.44","Retail","TRUE"
"465","2026-01-11","34","12","258.29","3099.48","Online","FALSE"
"466","2026-08-30","83","18","272.41","4903.38","Direct","TRUE"
"467","2026-06-03","78","6","992.55","5955.3","Retail","FALSE"
"468","2025-10-03","87","26","534.94","13908.44","Direct","FALSE"
"469","2025-03-18","2","21","797.56","16748.76","Partner","FALSE"
"470","2025-02-05","124","35","636.35","22272.25","Online","TRUE"
"471","2025-06-14","83","14","381.09","5335.26","Online","TRUE"
"472","2026-02-10","197","6","877.46","5264.76","Partner","FALSE"
"473","2026-08-24","118","16","486.35","7781.6","Direct","TRUE"
"474","2026-08-12","99","39","313.09","12210.51","Retail","TRUE"
"475","2026-07-29","9","10","342.3","3423","Direct","TRUE"
"476","2026-09-13","84","33","782.44","25820.52","Online","FALSE"
"477","2024-12-15","22","29","646.62","18751.98","Direct","TRUE"
"478","2026-08-16","49","18","624.63","11243.34","Partner","TRUE"
"479","2026-03-14","13","26","610.98","15885.48","Direct","TRUE"
"480","2026-02-22","56","15","415.29","6229.35","Direct","TRUE"
"481","2025-11-15","36","32","176.7","5654.4","Online","TRUE"
"482","2024-12-04","91","14","345.04","4830.56","Partner","TRUE"
"483","2024-10-10","132","6","245.7","1474.2","Direct","TRUE"
"484","2026-01-22","22","39","144.48","5634.72","Retail","TRUE"
"485","2026-02-12","163","16","770.59","12329.44","Direct","TRUE"
"486","2025-03-19","5","23","874.96","20124.08","Partner","TRUE"
"487","2025-10-26","169","35","734.79","25717.65","Retail","TRUE"
"488","2026-07-03","123","29","572.28","16596.12","Online","TRUE"
"489","2026-06-11","82","33","295.19","9741.27","Retail","FALSE"
"490","2024-10-22","164","20","130.84","2616.8","Partner","TRUE"
"491","2026-02-19","200","22","725.74","15966.28","Partner","TRUE"
"492","2026-01-18","75","32","844.35","27019.2","Direct","TRUE"
"493","2026-05-14","172","14","969.92","13578.88","Direct","TRUE"
"494","2025-08-09","11","29","368.65","10690.85","Online","FALSE"
"495","2025-11-11","167","8","1022.28","8178.24","Online","TRUE"
"496","2025-06-14","51","15","900.7","13510.5","Partner","TRUE"
"497","2025-05-23","49","39","76.62","2988.18","Retail","TRUE"
"498","2025-07-07","117","7","523.65","3665.55","Online","TRUE"
"499","2025-08-01","162","3","1061.7","3185.1","Retail","TRUE"
"500","2025-12-11","134","18","163.52","2943.36","Direct","TRUE"
"501","2024-11-27","142","26","180.06","4681.56","Partner","FALSE"
"502","2025-10-02","160","36","787.12","28336.32","Direct","TRUE"
"503","2025-03-23","162","34","1128.82","38379.88","Retail","TRUE"
"504","2026-05-19","13","28","26.87","752.36","Online","TRUE"
"505","2026-03-13","167","38","893.01","33934.38","Retail","TRUE"
"506","2026-05-18","80","34","618.24","21020.16","Partner","TRUE"
"507","2026-03-21","8","15","127.5","1912.5","Direct","TRUE"
"508","2025-11-17","187","26","418.33","10876.58","Online","FALSE"
"509","2025-06-10","88","3","999.57","2998.71","Direct","TRUE"
"510","2026-05-20","75","36","1126.43","40551.48","Partner","TRUE"
"511","2025-04-14","129","12","563.13","6757.56","Direct","TRUE"
"512","2026-01-19","34","8","1143.92","9151.36","Direct","TRUE"
"513","2025-12-02","129","13","911.54","11850.02","Partner","FALSE"
"514","2025-04-26","187","38","845.53","32130.14","Retail","TRUE"
"515","2024-11-15","134","16","789.22","12627.52","Online","TRUE"
"516","2025-12-11","178","31","969.2","30045.2","Retail","TRUE"
"517","2025-03-06","11","9","694.81","6253.29","Retail","TRUE"
"518","2024-12-26","93","25","1022.11","25552.75","Partner","TRUE"
"519","2025-09-23","97","26","704.53","18317.78","Online","TRUE"
"520","2024-12-29","152","34","873.81","29709.54","Direct","TRUE"
"521","2026-07-24","71","34","670.37","22792.58","Online","TRUE"
"522","2025-08-27","152","39","34.66","1351.74","Direct","TRUE"
"523","2025-09-06","133","32","440.68","14101.76","Online","FALSE"
"524","2025-09-08","33","20","643.94","12878.8","Retail","TRUE"
"525","2024-12-15","136","5","512.09","2560.45","Partner","TRUE"
"526","2024-12-14","1","26","433.76","11277.76","Online","TRUE"
"527","2024-12-01","120","17","162.12","2756.04","Online","TRUE"
"528","2026-02-19","195","36","759.66","27347.76","Partner","TRUE"
"529","2025-12-17","4","1","1035.79","1035.79","Online","FALSE"
"530","2025-12-31","157","27","528.4","14266.8","Partner","TRUE"
"531","2024-11-24","154","15","238.85","3582.75","Partner","TRUE"
"532","2025-05-22","4","6","552.17","3313.02","Retail","TRUE"
"533","2025-11-15","120","5","584.4","2922","Partner","TRUE"
"534","2026-05-31","164","19","394.66","7498.54","Partner","TRUE"
"535","2025-03-01","112","24","543.4","13041.6","Direct","TRUE"
"536","2025-05-28","154","20","1170.92","23418.4","Retail","TRUE"
"537","2025-08-02","72","23","258.51","5945.73","Partner","TRUE"
"538","2024-09-26","72","19","421.27","8004.13","Partner","TRUE"
"539","2025-06-10","82","39","547.39","21348.21","Online","TRUE"
"540","2024-11-14","166","20","317.25","6345","Online","TRUE"
"541","2025-07-06","139","1","775.23","775.23","Direct","TRUE"
"542","2026-04-15","20","6","637.98","3827.88","Online","TRUE"
"543","2025-03-14","63","8","663.19","5305.52","Partner","TRUE"
"544","2025-07-18","181","9","581.02","5229.18","Online","TRUE"
"545","2026-07-23","141","30","785.02","23550.6","Direct","TRUE"
"546","2025-05-02","87","17","727.67","12370.39","Online","TRUE"
"547","2025-01-09","185","16","915.44","14647.04","Direct","TRUE"
"548","2026-09-05","126","3","782.07","2346.21","Online","TRUE"
"549","2025-04-04","35","21","679.37","14266.77","Partner","FALSE"
"550","2026-08-06","22","15","1015.72","15235.8","Partner","FALSE"
"551","2025-05-22","176","11","713.72","7850.92","Direct","TRUE"
"552","2026-02-06","64","1","722.4","722.4","Partner","TRUE"
"553","2025-07-30","100","21","845","17745","Direct","TRUE"
"554","2025-10-24","55","22","325.49","7160.78","Direct","TRUE"
"555","2025-05-05","144","37","410.71","15196.27","Partner","TRUE"
"556","2025-11-27","184","11","53.26","585.86","Direct","TRUE"
"557","2026-05-16","93","19","724.08","13757.52","Online","TRUE"
"558","2026-08-31","183","5","493.79","2468.95","Direct","TRUE"
"559","2025-06-10","53","36","623.3","22438.8","Partner","TRUE"
"560","2025-08-15","179","13","240.53","3126.89","Online","TRUE"
"561","2025-07-30","142","23","249.67","5742.41","Direct","TRUE"
"562","2024-09-20","79","23","42.21","970.83","Online","TRUE"
"563","2025-02-16","42","31","92.43","2865.33","Direct","TRUE"
"564","2026-08-13","110","35","687.52","24063.2","Online","FALSE"
"565","2025-12-07","60","5","636.69","3183.45","Direct","TRUE"
"566","2025-12-28","139","7","379.46","2656.22","Retail","TRUE"
"567","2025-07-12","167","11","763.39","8397.29","Online","TRUE"
"568","2025-12-03","32","12","645.41","7744.92","Direct","TRUE"
"569","2026-03-15","159","20","96.03","1920.6","Direct","TRUE"
"570","2025-11-11","86","37","646.39","23916.43","Retail","TRUE"
"571","2025-08-16","178","16","1120.27","17924.32","Retail","TRUE"
"572","2025-02-28","190","23","769.72","17703.56","Retail","TRUE"
"573","2025-12-01","44","5","1153.35","5766.75","Online","TRUE"
"574","2026-03-28","34","22","467.89","10293.58","Retail","TRUE"
"575","2026-06-05","195","12","994.69","11936.28","Direct","FALSE"
"576","2025-08-14","6","13","642.46","8351.98","Direct","TRUE"
"577","2026-03-30","189","14","881.17","12336.38","Retail","FALSE"
"578","2025-01-03","38","33","522.63","17246.79","Online","TRUE"
"579","2025-10-08","132","6","671.21","4027.26","Partner","TRUE"
"580","2025-10-12","24","9","835.11","7515.99","Direct","FALSE"
"581","2026-02-02","82","8","222.94","1783.52","Direct","FALSE"
"582","2026-02-01","19","19","1158.33","22008.27","Direct","TRUE"
"583","2026-04-05","97","9","321.49","2893.41","Online","TRUE"
"584","2025-12-23","8","23","251.45","5783.35","Online","TRUE"
"585","2026-05-24","42","13","640.5","8326.5","Online","FALSE"
"586","2026-01-05","98","7","42.67","298.69","Online","TRUE"
"587","2024-12-24","199","5","252.18","1260.9","Direct","TRUE"
"588","2025-01-15","37","7","515.97","3611.79","Retail","TRUE"
"589","2026-08-06","15","30","196.49","5894.7","Retail","TRUE"
"590","2026-09-10","164","32","644.77","20632.64","Online","TRUE"
"591","2025-03-03","120","32","33.96","1086.72","Partner","TRUE"
"592","2026-01-17","70","31","931.05","28862.55","Partner","TRUE"
"593","2025-01-20","115","31","926.13","28710.03","Online","TRUE"
"594","2025-06-21","2","11","219.87","2418.57","Retail","TRUE"
"595","2025-02-11","127","11","921.42","10135.62","Partner","TRUE"
"596","2025-01-27","7","2","1005.68","2011.36","Retail","TRUE"
"597","2024-10-25","163","26","575.5","14963","Partner","TRUE"
"598","2024-09-20","197","4","25.46","101.84","Retail","TRUE"
"599","2025-04-26","126","30","700.69","21020.7","Partner","TRUE"
"600","2025-05-12","14","31","829.76","25722.56","Retail","TRUE"
"601","2025-10-15","85","16","1146.43","18342.88","Partner","TRUE"
"602","2025-05-25","68","36","367.44","13227.84","Retail","TRUE"
"603","2026-03-06","18","36","617.92","22245.12","Retail","TRUE"
"604","2026-01-11","120","31","1188","36828","Retail","TRUE"
"605","2025-04-02","97","2","1175.94","2351.88","Retail","TRUE"
"606","2026-08-04","154","28","1022.52","28630.56","Partner","TRUE"
"607","2026-09-01","84","8","35.02","280.16","Direct","TRUE"
"608","2025-12-08","146","32","409.83","13114.56","Partner","TRUE"
"609","2026-02-02","55","32","117.96","3774.72","Direct","FALSE"
"610","2025-10-18","94","18","655.35","11796.3","Retail","FALSE"
"611","2024-11-02","39","24","777.02","18648.48","Retail","TRUE"
"612","2025-04-11","115","35","266.22","9317.7","Online","TRUE"
"613","2026-08-29","183","8","683.2","5465.6","Retail","FALSE"
"614","2024-11-10","116","27","212.08","5726.16","Online","TRUE"
"615","2025-05-15","71","8","123.23","985.84","Retail","TRUE"
"616","2026-08-01","71","19","229.06","4352.14","Direct","FALSE"
"617","2026-02-06","187","11","1094.76","12042.36","Online","TRUE"
"618","2025-11-26","150","13","1073.88","13960.44","Online","TRUE"
"619","2026-01-23","84","31","713.53","22119.43","Retail","TRUE"
"620","2025-12-17","7","23","523.06","12030.38","Online","TRUE"
"621","2025-05-26","194","30","303.24","9097.2","Online","TRUE"
"622","2024-11-13","38","22","635.63","13983.86","Direct","TRUE"
"623","2025-06-23","199","31","915.38","28376.78","Partner","FALSE"
"624","2025-08-31","174","1","230.26","230.26","Direct","FALSE"
"625","2024-12-10","174","18","297.72","5358.96","Online","TRUE"
"626","2025-02-02","51","12","256.01","3072.12","Retail","TRUE"
"627","2024-11-14","59","6","817.98","4907.88","Direct","TRUE"
"628","2025-05-26","46","20","135.64","2712.8","Direct","FALSE"
"629","2026-01-01","194","2","642.91","1285.82","Direct","FALSE"
"630","2025-06-30","22","23","62.66","1441.18","Partner","TRUE"
"631","2026-07-29","29","26","1195.58","31085.08","Partner","TRUE"
"632","2026-04-30","91","24","1112.08","26689.92","Online","TRUE"
"633","2025-02-05","176","34","411.58","13993.72","Direct","TRUE"
"634","2026-08-24","70","14","256.51","3591.14","Direct","TRUE"
"635","2025-08-07","85","19","620.37","11787.03","Retail","TRUE"
"636","2026-01-19","31","1","253.01","253.01","Online","FALSE"
"637","2025-12-19","181","4","182.17","728.68","Partner","TRUE"
"638","2026-05-09","1","2","1077.55","2155.1","Online","TRUE"
"639","2026-09-05","12","36","791.29","28486.44","Partner","TRUE"
"640","2024-11-18","51","1","31.46","31.46","Direct","FALSE"
"641","2026-05-11","72","16","64.04","1024.64","Retail","TRUE"
"642","2026-06-30","45","36","1132.83","40781.88","Direct","TRUE"
"643","2025-01-09","1","34","348.44","11846.96","Direct","TRUE"
"644","2025-01-21","41","24","1037.93","24910.32","Direct","FALSE"
"645","2026-03-27","83","21","787.79","16543.59","Partner","TRUE"
"646","2026-01-12","74","3","609.28","1827.84","Retail","TRUE"
"647","2026-06-11","86","33","963.71","31802.43","Online","TRUE"
"648","2025-12-14","190","22","755.25","16615.5","Direct","TRUE"
"649","2026-04-26","134","29","71.49","2073.21","Partner","TRUE"
"650","2024-10-17","130","19","949.63","18042.97","Online","TRUE"
"651","2025-02-28","17","10","389.85","3898.5","Partner","TRUE"
"652","2026-07-24","163","4","659.21","2636.84","Direct","TRUE"
"653","2025-09-13","127","22","117.64","2588.08","Direct","FALSE"
"654","2026-06-05","35","30","740.68","22220.4","Partner","TRUE"
"655","2025-06-02","25","20","200.56","4011.2","Online","TRUE"
"656","2026-07-15","189","32","480.07","15362.24","Online","TRUE"
"657","2025-06-10","198","20","1075.4","21508","Retail","TRUE"
"658","2025-03-09","120","7","1081.01","7567.07","Partner","FALSE"
"659","2025-05-05","104","3","159.89","479.67","Online","FALSE"
"660","2026-03-06","32","1","529.2","529.2","Partner","TRUE"
"661","2026-07-09","76","29","127.35","3693.15","Retail","TRUE"
"662","2025-11-25","65","10","1123.26","11232.6","Retail","TRUE"
"663","2024-09-21","18","6","474.33","2845.98","Online","TRUE"
"664","2024-12-23","54","38","260.29","9891.02","Retail","TRUE"
"665","2025-02-09","72","1","211.41","211.41","Retail","FALSE"
"666","2025-10-09","68","39","570.08","22233.12","Partner","FALSE"
"667","2025-06-08","190","6","585.5","3513","Online","TRUE"
"668","2026-08-06","151","2","521.91","1043.82","Online","TRUE"
"669","2025-11-14","121","28","983.01","27524.28","Direct","TRUE"
"670","2025-04-01","83","26","372.92","9695.92","Retail","TRUE"
"671","2025-07-26","22","28","395.08","11062.24","Online","TRUE"
"672","2026-09-08","88","1","386.2","386.2","Retail","TRUE"
"673","2025-05-27","143","13","627.73","8160.49","Retail","TRUE"
"674","2025-01-13","57","15","252.95","3794.25","Retail","TRUE"
"675","2025-08-19","56","4","1045.51","4182.04","Direct","TRUE"
"676","2026-01-30","107","1","338.65","338.65","Direct","TRUE"
"677","2025-10-11","39","15","1056.45","15846.75","Retail","FALSE"
"678","2026-01-06","82","37","228.87","8468.19","Direct","FALSE"
"679","2025-03-20","105","12","1117.95","13415.4","Retail","TRUE"
"680","2025-04-29","156","37","1045.56","38685.72","Direct","TRUE"
"681","2026-04-24","59","34","902.95","30700.3","Partner","TRUE"
"682","2024-12-31","193","37","285.19","10552.03","Direct","TRUE"
"683","2024-12-05","95","15","182.47","2737.05","Partner","TRUE"
"684","2025-12-30","179","34","225.41","7663.94","Direct","TRUE"
"685","2025-04-11","135","11","459.07","5049.77","Retail","TRUE"
"686","2025-07-23","149","13","407.91","5302.83","Online","TRUE"
"687","2026-05-02","53","2","357.19","714.38","Partner","TRUE"
"688","2026-03-31","111","11","847.99","9327.89","Partner","TRUE"
"689","2026-04-22","25","24","987.07","23689.68","Partner","TRUE"
"690","2026-09-12","117","18","782.39","14083.02","Retail","TRUE"
"691","2025-05-24","40","6","550.1","3300.6","Online","TRUE"
"692","2024-10-01","35","14","846","11844","Direct","FALSE"
"693","2024-10-22","168","33","802.03","26466.99","Online","TRUE"
"694","2025-07-03","80","36","380.67","13704.12","Partner","FALSE"
"695","2026-04-09","51","32","606.48","19407.36","Retail","TRUE"
"696","2026-05-08","17","26","430.06","11181.56","Retail","TRUE"
"697","2025-12-16","160","21","618.76","12993.96","Retail","TRUE"
"698","2026-06-05","157","24","854.99","20519.76","Partner","TRUE"
"699","2026-05-07","161","35","254.44","8905.4","Retail","TRUE"
"700","2026-04-02","149","25","32.53","813.25","Retail","FALSE"
"701","2025-01-14","184","26","831.33","21614.58","Partner","TRUE"
"702","2026-03-21","10","5","532.37","2661.85","Online","TRUE"
"703","2025-05-05","184","10","656.74","6567.4","Online","TRUE"
"704","2025-10-08","35","1","20.25","20.25","Retail","TRUE"
"705","2026-01-16","175","4","1073.07","4292.28","Partner","TRUE"
"706","2025-01-03","11","30","726.47","21794.1","Partner","TRUE"
"707","2024-09-25","136","17","1077.7","18320.9","Direct","FALSE"
"708","2025-06-15","14","8","660.25","5282","Online","FALSE"
"709","2025-05-27","8","25","60.32","1508","Retail","FALSE"
"710","2024-11-22","26","11","24.86","273.46","Partner","TRUE"
"711","2026-01-02","24","3","822.48","2467.44","Direct","TRUE"
"712","2024-10-16","142","23","1181.9","27183.7","Direct","TRUE"
"713","2025-01-09","110","17","1170.91","19905.47","Partner","TRUE"
"714","2026-02-27","123","9","611.78","5506.02","Direct","TRUE"
"715","2025-07-27","23","21","165.11","3467.31","Retail","TRUE"
"716","2024-10-10","115","3","960.21","2880.63","Retail","TRUE"
"717","2024-09-18","153","39","322.09","12561.51","Retail","TRUE"
"718","2025-11-12","143","27","373.31","10079.37","Direct","TRUE"
"719","2025-07-03","95","20","926.35","18527","Partner","FALSE"
"720","2025-12-07","100","17","558.55","9495.35","Online","TRUE"
"721","2026-04-06","50","2","551.95","1103.9","Partner","TRUE"
"722","2025-07-13","106","15","618.89","9283.35","Online","TRUE"
"723","2024-12-08","146","26","484.37","12593.62","Direct","TRUE"
"724","2024-11-27","16","39","517.58","20185.62","Retail","TRUE"
"725","2026-03-03","184","10","202.97","2029.7","Direct","TRUE"
"726","2025-09-12","80","15","720.28","10804.2","Retail","FALSE"
"727","2026-05-23","171","12","709.66","8515.92","Partner","TRUE"
"728","2025-09-11","39","29","831.68","24118.72","Partner","TRUE"
"729","2025-07-22","181","21","231.85","4868.85","Retail","TRUE"
"730","2026-07-04","130","7","739.36","5175.52","Direct","TRUE"
"731","2026-05-24","189","27","421.16","11371.32","Online","TRUE"
"732","2025-07-28","82","3","339.88","1019.64","Partner","TRUE"
"733","2025-01-22","62","22","89.92","1978.24","Direct","TRUE"
"734","2026-01-20","119","15","63.83","957.45","Partner","TRUE"
"735","2025-05-04","38","19","1155.5","21954.5","Retail","TRUE"
"736","2025-12-04","18","29","221.89","6434.81","Online","TRUE"
"737","2025-09-01","26","20","514.65","10293","Partner","TRUE"
"738","2025-06-25","112","30","827.05","24811.5","Online","TRUE"
"739","2026-05-17","192","38","1036.69","39394.22","Online","TRUE"
"740","2025-01-13","14","16","1083.6","17337.6","Direct","TRUE"
"741","2026-09-03","63","25","893.92","22348","Online","TRUE"
"742","2025-03-05","50","18","923.52","16623.36","Online","FALSE"
"743","2026-02-10","148","28","18.08","506.24","Partner","TRUE"
"744","2026-04-23","18","9","291.21","2620.89","Partner","TRUE"
"745","2024-10-24","56","22","54.57","1200.54","Partner","TRUE"
"746","2026-03-24","161","26","936.12","24339.12","Retail","TRUE"
"747","2025-04-10","194","7","600.13","4200.91","Direct","TRUE"
"748","2026-01-25","33","1","563.26","563.26","Retail","TRUE"
"749","2025-03-23","67","18","331.51","5967.18","Online","TRUE"
"750","2025-07-26","68","6","162.75","976.5","Online","TRUE"
"751","2025-07-23","191","26","109.66","2851.16","Online","FALSE"
"752","2025-04-18","1","19","1104.34","20982.46","Direct","TRUE"
"753","2024-10-25","31","16","1077.61","17241.76","Online","TRUE"
"754","2026-05-12","48","6","718.73","4312.38","Partner","TRUE"
"755","2025-11-03","32","8","804.67","6437.36","Online","TRUE"
"756","2026-05-19","54","27","230.71","6229.17","Partner","FALSE"
"757","2025-10-27","35","6","576.63","3459.78","Direct","TRUE"
"758","2025-04-27","181","7","372.37","2606.59","Online","FALSE"
"759","2024-12-10","86","38","1139.61","43305.18","Online","FALSE"
"760","2025-01-07","182","36","825.52","29718.72","Online","TRUE"
"761","2025-08-02","5","3","630.76","1892.28","Online","TRUE"
"762","2025-02-20","57","9","549.64","4946.76","Direct","FALSE"
"763","2025-02-07","148","15","271.06","4065.9","Online","TRUE"
"764","2026-07-20","185","16","57.96","927.36","Retail","FALSE"
"765","2024-10-06","86","12","216.36","2596.32","Partner","TRUE"
"766","2026-05-19","13","13","886.75","11527.75","Retail","TRUE"
"767","2024-09-26","85","24","722.43","17338.32","Partner","TRUE"
"768","2025-08-12","100","27","378.81","10227.87","Online","TRUE"
"769","2025-07-30","105","38","559.71","21268.98","Retail","TRUE"
"770","2025-08-30","164","18","676.5","12177","Partner","TRUE"
"771","2026-08-19","16","31","433.65","13443.15","Partner","TRUE"
"772","2025-04-30","102","15","1173.42","17601.3","Retail","FALSE"
"773","2025-05-10","190","12","77.83","933.96","Partner","FALSE"
"774","2026-03-10","25","24","56.6","1358.4","Online","TRUE"
"775","2025-08-26","168","28","666.96","18674.88","Online","TRUE"
"776","2025-04-29","118","20","254.51","5090.2","Retail","FALSE"
"777","2026-02-18","109","13","870.61","11317.93","Direct","TRUE"
"778","2026-02-23","54","2","648.59","1297.18","Direct","TRUE"
"779","2025-12-21","159","8","18.56","148.48","Online","TRUE"
"780","2025-06-08","132","33","661.04","21814.32","Partner","TRUE"
"781","2025-01-08","193","8","642.01","5136.08","Retail","FALSE"
"782","2026-05-04","93","24","1079.02","25896.48","Online","FALSE"
"783","2025-03-02","9","2","650.41","1300.82","Retail","TRUE"
"784","2025-07-13","17","28","230.66","6458.48","Direct","TRUE"
"785","2026-09-12","169","37","758.43","28061.91","Direct","TRUE"
"786","2025-07-22","117","39","268.83","10484.37","Retail","TRUE"
"787","2025-02-12","131","17","616.27","10476.59","Online","TRUE"
"788","2025-09-08","13","28","930.71","26059.88","Online","TRUE"
"789","2024-10-25","61","33","1069.71","35300.43","Direct","TRUE"
"790","2026-03-26","135","16","458.4","7334.4","Direct","FALSE"
"791","2024-10-11","70","8","852.69","6821.52","Direct","TRUE"
"792","2024-11-13","73","23","958.65","22048.95","Partner","TRUE"
"793","2025-09-10","83","29","231.25","6706.25","Retail","TRUE"
"794","2025-03-05","94","23","80.03","1840.69","Partner","TRUE"
"795","2026-08-14","110","21","263.35","5530.35","Online","TRUE"
"796","2026-04-27","136","19","1010.54","19200.26","Direct","TRUE"
"797","2026-03-22","133","3","813.61","2440.83","Direct","FALSE"
"798","2025-12-12","34","19","362.97","6896.43","Online","TRUE"
"799","2025-10-01","136","2","1131.24","2262.48","Online","FALSE"
"800","2025-02-04","186","38","350.78","13329.64","Partner","TRUE"
"801","2025-09-22","144","30","234.38","7031.4","Partner","TRUE"
"802","2026-05-11","159","24","841.48","20195.52","Online","TRUE"
"803","2024-10-20","167","32","46.78","1496.96","Partner","TRUE"
"804","2025-10-25","48","28","664.3","18600.4","Partner","TRUE"
"805","2025-08-31","127","27","1090.38","29440.26","Partner","TRUE"
"806","2025-05-23","149","34","851.93","28965.62","Direct","TRUE"
"807","2026-08-31","110","18","214.65","3863.7","Direct","TRUE"
"808","2025-05-29","26","20","482.91","9658.2","Retail","TRUE"
"809","2025-02-03","144","4","785.99","3143.96","Online","TRUE"
"810","2026-01-25","158","4","1066.69","4266.76","Retail","TRUE"
"811","2025-12-22","28","20","631.21","12624.2","Online","TRUE"
"812","2026-06-25","90","13","1089.68","14165.84","Online","FALSE"
"813","2025-07-25","100","12","143.67","1724.04","Online","TRUE"
"814","2026-08-03","181","11","582.67","6409.37","Retail","TRUE"
"815","2026-04-07","54","2","30.99","61.98","Direct","TRUE"
"816","2026-08-24","194","21","661.89","13899.69","Online","TRUE"
"817","2024-09-14","93","18","797.38","14352.84","Direct","TRUE"
"818","2025-01-02","171","14","440.17","6162.38","Direct","TRUE"
"819","2025-02-01","131","30","458.17","13745.1","Partner","TRUE"
"820","2025-10-01","19","12","542.48","6509.76","Partner","TRUE"
"821","2026-05-31","164","39","416.6","16247.4","Partner","TRUE"
"822","2026-06-22","132","17","414.07","7039.19","Online","TRUE"
"823","2025-08-14","137","1","780.34","780.34","Online","TRUE"
"824","2024-11-14","109","24","282.66","6783.84","Online","TRUE"
"825","2026-04-13","171","2","1064.81","2129.62","Partner","TRUE"
"826","2024-12-08","88","35","851.52","29803.2","Online","TRUE"
"827","2026-06-01","28","33","797.49","26317.17","Direct","TRUE"
"828","2024-09-22","80","24","397.2","9532.8","Online","TRUE"
"829","2026-01-25","118","32","433.32","13866.24","Online","TRUE"
"830","2026-09-09","43","9","456.62","4109.58","Direct","TRUE"
"831","2025-01-03","68","1","916.01","916.01","Online","TRUE"
"832","2025-06-16","121","31","587.67","18217.77","Retail","TRUE"
"833","2025-04-26","159","24","330.23","7925.52","Online","TRUE"
"834","2024-12-10","76","2","132.89","265.78","Online","TRUE"
"835","2025-09-22","68","31","1029.62","31918.22","Online","TRUE"
"836","2024-09-19","17","9","768.44","6915.96","Retail","TRUE"
"837","2026-07-28","153","3","43.56","130.68","Partner","TRUE"
"838","2025-12-15","71","10","42.33","423.3","Retail","TRUE"
"839","2026-02-10","125","7","276.25","1933.75","Direct","TRUE"
"840","2025-02-20","75","24","451.41","10833.84","Online","TRUE"
"841","2025-03-10","154","17","24.29","412.93","Direct","TRUE"
"842","2025-12-14","176","19","1113.96","21165.24","Direct","TRUE"
"843","2025-03-04","84","20","838.51","16770.2","Retail","FALSE"
"844","2026-09-06","121","4","54.74","218.96","Partner","TRUE"
"845","2025-04-01","77","33","26.87","886.71","Partner","TRUE"
"846","2026-03-19","80","2","984.21","1968.42","Online","TRUE"
"847","2025-04-14","118","19","566.64","10766.16","Partner","TRUE"
"848","2025-02-25","154","4","876.65","3506.6","Direct","FALSE"
"849","2026-08-18","170","18","179.8","3236.4","Online","TRUE"
"850","2025-12-14","68","19","943.02","17917.38","Retail","TRUE"
"851","2026-02-10","168","11","561.72","6178.92","Partner","TRUE"
"852","2024-10-08","41","29","1140.13","33063.77","Online","TRUE"
"853","2024-09-15","4","4","162.86","651.44","Online","TRUE"
"854","2026-02-06","140","18","845.55","15219.9","Partner","TRUE"
"855","2024-09-18","117","24","912.73","21905.52","Partner","FALSE"
"856","2025-06-01","129","29","375.66","10894.14","Partner","FALSE"
"857","2025-12-29","107","27","468.61","12652.47","Partner","FALSE"
"858","2025-07-07","130","1","175.55","175.55","Direct","TRUE"
"859","2024-09-29","194","30","225.04","6751.2","Online","TRUE"
"860","2025-06-29","110","37","677.05","25050.85","Online","TRUE"
"861","2025-10-27","169","35","645.89","22606.15","Partner","TRUE"
"862","2025-12-03","4","8","1150.86","9206.88","Direct","TRUE"
"863","2026-04-22","148","26","370.44","9631.44","Partner","TRUE"
"864","2024-12-08","26","8","673.15","5385.2","Partner","TRUE"
"865","2025-04-19","91","20","536.84","10736.8","Partner","TRUE"
"866","2024-12-26","195","38","444.52","16891.76","Online","TRUE"
"867","2026-05-13","149","25","265.18","6629.5","Direct","TRUE"
"868","2025-01-28","17","2","203.43","406.86","Online","TRUE"
"869","2024-12-03","199","32","125.26","4008.32","Retail","TRUE"
"870","2026-07-26","37","26","828.96","21552.96","Retail","TRUE"
"871","2025-12-29","140","18","1170.47","21068.46","Partner","TRUE"
"872","2025-08-22","116","6","712.75","4276.5","Partner","TRUE"
"873","2025-07-02","10","12","496.52","5958.24","Partner","TRUE"
"874","2025-05-06","42","5","621.62","3108.1","Partner","FALSE"
"875","2025-02-12","197","20","20.2","404","Direct","TRUE"
"876","2026-03-13","70","9","641.68","5775.12","Direct","TRUE"
"877","2025-07-29","186","36","651.26","23445.36","Partner","TRUE"
"878","2025-02-19","67","25","1032.9","25822.5","Retail","TRUE"
"879","2025-03-16","19","38","10.26","389.88","Direct","FALSE"
"880","2025-08-20","32","6","1161.95","6971.7","Online","FALSE"
"881","2026-06-24","19","11","1051.92","11571.12","Retail","FALSE"
"882","2025-12-14","84","16","645.09","10321.44","Direct","TRUE"
"883","2024-10-14","115","4","1193.82","4775.28","Direct","FALSE"
"884","2025-11-02","174","18","18.72","336.96","Direct","TRUE"
"885","2025-02-28","17","21","691.76","14526.96","Direct","TRUE"
"886","2026-03-19","184","21","30.55","641.55","Retail","TRUE"
"887","2026-03-28","154","6","294.03","1764.18","Online","FALSE"
"888","2024-10-27","38","28","813.87","22788.36","Retail","FALSE"
"889","2025-03-18","146","12","118.08","1416.96","Online","TRUE"
"890","2026-09-09","123","5","1078.84","5394.2","Partner","TRUE"
"891","2025-11-15","58","27","493.72","13330.44","Online","TRUE"
"892","2024-12-16","173","24","927.33","22255.92","Retail","TRUE"
"893","2025-08-28","173","4","586.52","2346.08","Retail","TRUE"
"894","2025-06-10","110","19","161.92","3076.48","Direct","FALSE"
"895","2025-08-03","106","3","846.23","2538.69","Direct","TRUE"
"896","2026-03-24","77","24","388.61","9326.64","Online","TRUE"
"897","2026-01-28","60","19","826.72","15707.68","Partner","FALSE"
"898","2026-01-07","189","9","94.15","847.35","Retail","TRUE"
"899","2024-12-25","184","14","625.9","8762.6","Partner","TRUE"
"900","2025-09-10","124","11","970.03","10670.33","Partner","TRUE"
"901","2025-07-19","64","33","298.97","9866.01","Retail","TRUE"
"902","2026-09-09","98","13","1134.96","14754.48","Direct","TRUE"
"903","2025-07-11","14","34","862.44","29322.96","Partner","TRUE"
"904","2025-02-15","133","4","1139.47","4557.88","Partner","TRUE"
"905","2026-02-16","3","7","1122.6","7858.2","Partner","TRUE"
"906","2026-01-18","111","22","837.76","18430.72","Direct","TRUE"
"907","2025-10-03","11","39","690.92","26945.88","Retail","TRUE"
"908","2026-06-04","48","20","260.06","5201.2","Retail","TRUE"
"909","2025-03-12","5","10","1095.53","10955.3","Partner","TRUE"
"910","2024-12-17","152","35","30.73","1075.55","Online","TRUE"
"911","2025-05-18","101","19","948.07","18013.33","Direct","TRUE"
"912","2026-05-27","178","9","1075.14","9676.26","Online","FALSE"
"913","2024-11-15","118","25","548.26","13706.5","Direct","TRUE"
"914","2026-01-02","52","2","58","116","Online","FALSE"
"915","2025-11-24","31","12","1131.7","13580.4","Partner","TRUE"
"916","2025-06-25","64","31","146.54","4542.74","Retail","TRUE"
"917","2026-06-10","12","3","1150.39","3451.17","Online","TRUE"
"918","2026-05-03","163","14","554.18","7758.52","Retail","TRUE"
"919","2025-05-08","189","35","439.93","15397.55","Retail","TRUE"
"920","2024-11-27","193","22","927.47","20404.34","Direct","TRUE"
"921","2026-08-14","97","19","1178.56","22392.64","Direct","TRUE"
"922","2025-12-18","75","25","480.8","12020","Online","TRUE"
"923","2024-10-30","197","22","67.56","1486.32","Online","TRUE"
"924","2025-07-24","172","32","800.75","25624","Retail","TRUE"
"925","2024-12-13","197","38","851.91","32372.58","Online","FALSE"
"926","2024-11-17","61","1","933.59","933.59","Online","FALSE"
"927","2026-04-27","80","19","1046.85","19890.15","Partner","TRUE"
"928","2026-07-15","177","14","90.4","1265.6","Direct","TRUE"
"929","2024-11-11","86","34","864.67","29398.78","Retail","FALSE"
"930","2025-01-28","169","14","1171.56","16401.84","Direct","FALSE"
"931","2026-02-10","21","3","153.49","460.47","Partner","TRUE"
"932","2025-10-26","86","33","945.07","31187.31","Partner","TRUE"
"933","2025-11-13","42","15","380.06","5700.9","Online","TRUE"
"934","2025-10-04","33","19","204.79","3891.01","Partner","TRUE"
"935","2025-02-02","49","35","1177.21","41202.35","Retail","TRUE"
"936","2025-03-12","96","39","1092.63","42612.57","Retail","FALSE"
"937","2025-03-16","38","6","1168.26","7009.56","Direct","TRUE"
"938","2025-01-17","47","17","362.02","6154.34","Retail","TRUE"
"939","2025-03-01","37","38","169.68","6447.84","Direct","TRUE"
"940","2025-04-28","47","24","979.22","23501.28","Direct","FALSE"
"941","2026-07-28","44","31","399.72","12391.32","Retail","FALSE"
"942","2025-01-24","114","13","62.43","811.59","Online","TRUE"
"943","2025-02-10","59","14","956.49","13390.86","Direct","TRUE"
"944","2025-10-09","84","34","57.98","1971.32","Partner","TRUE"
"945","2025-12-18","59","27","590.92","15954.84","Partner","TRUE"
"946","2026-07-21","86","32","363.74","11639.68","Retail","TRUE"
"947","2025-07-28","48","31","1046.16","32430.96","Online","FALSE"
"948","2026-09-13","51","34","845.83","28758.22","Online","TRUE"
"949","2026-01-16","74","38","166.84","6339.92","Online","FALSE"
"950","2026-03-10","25","27","975.24","26331.48","Partner","TRUE"
"951","2025-07-25","101","7","1192.84","8349.88","Direct","TRUE"
"952","2026-03-05","70","25","1197.95","29948.75","Direct","FALSE"
"953","2025-05-15","59","35","430.84","15079.4","Retail","TRUE"
"954","2025-07-01","116","11","504.91","5554.01","Direct","TRUE"
"955","2025-11-17","26","7","557.69","3903.83","Online","TRUE"
"956","2024-12-07","26","5","793.24","3966.2","Direct","TRUE"
"957","2025-05-17","109","28","33.42","935.76","Retail","TRUE"
"958","2026-07-02","81","19","1039.17","19744.23","Partner","TRUE"
"959","2025-05-15","18","14","844.74","11826.36","Online","TRUE"
"960","2026-03-30","11","28","355.07","9941.96","Partner","FALSE"
"961","2024-10-27","141","19","125.9","2392.1","Direct","TRUE"
"962","2024-11-21","37","21","263.81","5540.01","Direct","TRUE"
"963","2025-12-07","1","22","668.23","14701.06","Online","TRUE"
"964","2025-10-26","41","23","133.19","3063.37","Partner","TRUE"
"965","2026-08-12","133","24","883.88","21213.12","Partner","TRUE"
"966","2025-08-11","12","34","171.06","5816.04","Online","TRUE"
"967","2026-05-17","179","8","635.36","5082.88","Retail","TRUE"
"968","2026-05-09","166","4","50.57","202.28","Direct","TRUE"
"969","2026-01-29","149","31","1081.38","33522.78","Retail","TRUE"
"970","2026-02-20","125","22","816.73","17968.06","Retail","TRUE"
"971","2025-05-22","184","25","209.95","5248.75","Direct","TRUE"
"972","2026-07-05","42","9","661.96","5957.64","Partner","TRUE"
"973","2026-05-09","63","38","150.76","5728.88","Online","TRUE"
"974","2025-11-29","36","28","1097.18","30721.04","Retail","FALSE"
"975","2026-04-25","107","23","946.75","21775.25","Retail","FALSE"
"976","2025-08-26","73","20","1179.36","23587.2","Direct","TRUE"
"977","2024-10-08","31","35","1167.36","40857.6","Online","TRUE"
"978","2024-12-18","152","17","1030.88","17524.96","Retail","FALSE"
"979","2026-06-29","143","22","912.26","20069.72","Direct","TRUE"
"980","2024-10-28","55","18","413.51","7443.18","Retail","TRUE"
"981","2026-08-09","68","28","1086.61","30425.08","Partner","TRUE"
"982","2024-12-30","19","37","63.38","2345.06","Direct","TRUE"
"983","2026-03-12","133","36","1153.4","41522.4","Online","TRUE"
"984","2024-12-18","73","18","280.71","5052.78","Retail","TRUE"
"985","2024-11-10","116","23","715.35","16453.05","Partner","FALSE"
"986","2026-06-28","139","10","337.35","3373.5","Retail","TRUE"
"987","2025-05-30","18","23","824.72","18968.56","Retail","TRUE"
"988","2025-06-01","191","8","549.07","4392.56","Partner","TRUE"
"989","2025-08-03","98","27","895.48","24177.96","Online","TRUE"
"990","2025-09-24","135","4","297.67","1190.68","Partner","TRUE"
"991","2024-09-14","74","34","472.27","16057.18","Partner","FALSE"
"992","2025-05-29","198","1","410.35","410.35","Direct","TRUE"
"993","2024-10-02","55","5","855.7","4278.5","Retail","TRUE"
"994","2025-05-06","172","4","666.31","2665.24","Retail","FALSE"
"995","2025-02-27","131","29","211.32","6128.28","Retail","TRUE"
"996","2026-08-05","111","19","397.82","7558.58","Retail","TRUE"
"997","2025-08-01","165","22","788.31","17342.82","Retail","TRUE"
"998","2026-07-01","7","18","888.04","15984.72","Partner","FALSE"
"999","2025-10-18","3","7","926.04","6482.28","Retail","TRUE"
"1000","2026-07-18","51","35","413.43","14470.05","Retail","TRUE"
"1001","2025-01-24","55","33","596.79","19694.07","Online","FALSE"
"1002","2026-05-12","143","37","122.46","4531.02","Retail","TRUE"
"1003","2026-03-29","11","11","755.14","8306.54","Partner","FALSE"
"1004","2025-03-16","147","2","314.98","629.96","Direct","TRUE"
"1005","2025-06-30","189","25","144.85","3621.25","Partner","FALSE"
"1006","2025-07-29","97","27","809.07","21844.89","Online","TRUE"
"1007","2025-04-11","8","21","186.97","3926.37","Direct","TRUE"
"1008","2025-08-27","26","27","227.31","6137.37","Direct","TRUE"
"1009","2024-09-30","14","21","769.25","16154.25","Direct","TRUE"
"1010","2025-05-09","96","29","1036.15","30048.35","Online","FALSE"
"1011","2026-05-04","177","20","1138.88","22777.6","Direct","TRUE"
"1012","2025-05-14","76","15","151.02","2265.3","Retail","TRUE"
"1013","2024-11-23","142","3","464.77","1394.31","Direct","FALSE"
"1014","2024-11-10","94","16","401.28","6420.48","Online","TRUE"
"1015","2025-02-10","5","30","516.95","15508.5","Partner","TRUE"
"1016","2025-12-04","163","33","541.33","17863.89","Retail","TRUE"
"1017","2025-06-22","86","31","984.27","30512.37","Partner","TRUE"
"1018","2025-08-06","72","26","1130.65","29396.9","Retail","TRUE"
"1019","2025-09-04","175","22","604.01","13288.22","Retail","TRUE"
"1020","2025-11-05","164","6","697.48","4184.88","Partner","TRUE"
"1021","2025-09-12","115","19","1088.97","20690.43","Direct","TRUE"
"1022","2025-03-02","131","22","184.34","4055.48","Partner","FALSE"
"1023","2025-12-26","83","39","414.36","16160.04","Online","TRUE"
"1024","2025-02-13","183","32","903.53","28912.96","Online","TRUE"
"1025","2025-01-16","3","10","325.5","3255","Partner","FALSE"
"1026","2026-07-05","96","18","749.54","13491.72","Retail","TRUE"
"1027","2025-01-18","30","10","270.75","2707.5","Partner","TRUE"
"1028","2025-08-31","143","10","111.27","1112.7","Online","TRUE"
"1029","2025-01-03","71","8","579.52","4636.16","Retail","TRUE"
"1030","2025-02-13","145","28","147.61","4133.08","Direct","FALSE"
"1031","2024-11-16","119","35","862.68","30193.8","Partner","TRUE"
"1032","2024-11-14","119","28","364.93","10218.04","Online","TRUE"
"1033","2026-03-31","152","18","50.23","904.14","Partner","FALSE"
"1034","2026-01-11","109","1","273.07","273.07","Retail","TRUE"
"1035","2026-04-14","51","38","230.15","8745.7","Retail","TRUE"
"1036","2026-08-15","6","16","264.76","4236.16","Retail","FALSE"
"1037","2025-06-02","89","21","929.16","19512.36","Partner","TRUE"
"1038","2025-05-23","1","7","1093.24","7652.68","Online","TRUE"
"1039","2025-10-07","149","30","524.64","15739.2","Partner","TRUE"
"1040","2026-04-05","26","38","797.5","30305","Partner","TRUE"
"1041","2025-04-21","160","19","167.46","3181.74","Retail","TRUE"
"1042","2026-03-16","147","22","146.27","3217.94","Direct","FALSE"
"1043","2025-04-13","143","31","807.31","25026.61","Partner","TRUE"
"1044","2025-10-19","139","11","745.89","8204.79","Direct","TRUE"
"1045","2026-08-01","39","7","1021.82","7152.74","Online","FALSE"
"1046","2025-05-26","107","34","1085.87","36919.58","Partner","TRUE"
"1047","2025-03-31","90","3","431.41","1294.23","Partner","TRUE"
"1048","2025-01-20","180","28","183.38","5134.64","Partner","TRUE"
"1049","2026-08-12","44","10","413.55","4135.5","Direct","TRUE"
"1050","2024-11-19","78","15","222.47","3337.05","Partner","TRUE"
"1051","2026-06-06","180","16","900.07","14401.12","Online","TRUE"
"1052","2025-08-31","173","18","245.12","4412.16","Retail","TRUE"
"1053","2025-12-26","3","13","596.34","7752.42","Direct","FALSE"
"1054","2025-01-06","194","7","634.98","4444.86","Retail","TRUE"
"1055","2025-05-04","59","9","1174.12","10567.08","Direct","TRUE"
"1056","2026-06-28","172","30","768.93","23067.9","Direct","TRUE"
"1057","2026-01-12","161","24","559.24","13421.76","Partner","TRUE"
"1058","2025-09-20","133","22","1019.66","22432.52","Partner","TRUE"
"1059","2025-07-09","116","6","334.65","2007.9","Online","TRUE"
"1060","2026-01-20","190","22","1044.81","22985.82","Online","TRUE"
"1061","2024-09-22","66","20","630.86","12617.2","Direct","TRUE"
"1062","2024-12-14","43","17","1074.22","18261.74","Partner","TRUE"
"1063","2025-10-16","20","31","147.69","4578.39","Direct","TRUE"
"1064","2025-07-01","2","23","1192.29","27422.67","Direct","FALSE"
"1065","2025-11-13","111","9","997.57","8978.13","Partner","TRUE"
"1066","2026-08-24","148","30","425.79","12773.7","Direct","FALSE"
"1067","2025-10-24","195","18","257.56","4636.08","Partner","TRUE"
"1068","2024-12-19","140","31","970.51","30085.81","Partner","FALSE"
"1069","2025-12-30","168","36","278.13","10012.68","Online","TRUE"
"1070","2025-11-25","165","34","1186.85","40352.9","Partner","TRUE"
"1071","2025-02-16","89","35","924.7","32364.5","Direct","TRUE"
"1072","2026-08-02","99","14","918.8","12863.2","Direct","FALSE"
"1073","2025-09-10","150","7","661.55","4630.85","Retail","TRUE"
"1074","2025-05-26","162","22","408.94","8996.68","Partner","TRUE"
"1075","2025-01-29","33","27","414.44","11189.88","Online","TRUE"
"1076","2026-03-22","52","35","1118.21","39137.35","Online","TRUE"
"1077","2024-12-21","84","15","377.13","5656.95","Partner","TRUE"
"1078","2024-12-18","45","9","254.82","2293.38","Direct","TRUE"
"1079","2025-09-17","12","12","243.81","2925.72","Direct","TRUE"
"1080","2025-12-28","58","34","237.83","8086.22","Direct","TRUE"
"1081","2025-07-22","126","31","905.38","28066.78","Online","FALSE"
"1082","2025-06-09","99","9","1046.85","9421.65","Retail","TRUE"
"1083","2026-01-22","47","21","482.19","10125.99","Retail","TRUE"
"1084","2025-06-23","20","8","285.81","2286.48","Retail","FALSE"
"1085","2024-11-17","35","8","275.29","2202.32","Direct","TRUE"
"1086","2025-03-06","115","26","439.56","11428.56","Online","TRUE"
"1087","2026-04-07","107","6","354.29","2125.74","Partner","FALSE"
"1088","2026-02-20","88","24","381.29","9150.96","Retail","TRUE"
"1089","2024-10-01","141","37","1174.94","43472.78","Retail","TRUE"
"1090","2026-06-07","67","32","607.4","19436.8","Retail","TRUE"
"1091","2025-03-14","69","19","568.19","10795.61","Partner","TRUE"
"1092","2025-02-06","24","17","276.81","4705.77","Partner","TRUE"
"1093","2024-10-04","190","29","920.21","26686.09","Partner","TRUE"
"1094","2026-04-02","197","17","966.09","16423.53","Direct","TRUE"
"1095","2026-07-20","145","6","817.39","4904.34","Partner","TRUE"
"1096","2025-09-07","130","11","503.24","5535.64","Online","TRUE"
"1097","2025-04-27","179","21","696.79","14632.59","Partner","TRUE"
"1098","2026-01-26","106","19","1113.12","21149.28","Partner","TRUE"
"1099","2025-01-25","88","3","1166.17","3498.51","Online","TRUE"
"1100","2025-06-14","171","29","366.17","10618.93","Online","TRUE"
"1101","2026-07-22","106","25","672.52","16813","Partner","TRUE"
"1102","2025-09-14","53","13","1027.24","13354.12","Direct","TRUE"
"1103","2025-04-28","151","16","22.44","359.04","Partner","TRUE"
"1104","2026-04-17","37","3","707.48","2122.44","Retail","TRUE"
"1105","2026-08-01","137","11","235.58","2591.38","Retail","TRUE"
"1106","2025-12-15","37","2","921.28","1842.56","Partner","TRUE"
"1107","2025-02-09","111","27","561.65","15164.55","Retail","FALSE"
"1108","2026-09-09","6","20","374.5","7490","Retail","FALSE"
"1109","2024-12-27","115","18","893.89","16090.02","Partner","TRUE"
"1110","2026-05-20","74","35","281.61","9856.35","Retail","TRUE"
"1111","2025-03-18","134","30","536.73","16101.9","Retail","TRUE"
"1112","2025-08-14","122","36","1094.25","39393","Direct","FALSE"
"1113","2024-12-12","22","9","879.88","7918.92","Direct","FALSE"
"1114","2025-02-25","138","2","1123.16","2246.32","Retail","TRUE"
"1115","2024-10-12","61","8","652.67","5221.36","Retail","TRUE"
"1116","2025-05-02","195","35","286.72","10035.2","Direct","TRUE"
"1117","2025-08-12","3","32","947.94","30334.08","Direct","TRUE"
"1118","2025-07-27","16","26","449.51","11687.26","Online","TRUE"
"1119","2025-05-18","101","25","169.8","4245","Online","TRUE"
"1120","2025-06-08","174","23","428.62","9858.26","Direct","TRUE"
"1121","2024-11-27","134","11","430.35","4733.85","Direct","TRUE"
"1122","2024-10-31","191","24","596.06","14305.44","Online","FALSE"
"1123","2025-08-28","56","20","1124.05","22481","Direct","TRUE"
"1124","2026-03-29","173","16","256.31","4100.96","Direct","TRUE"
"1125","2025-01-06","103","39","489.42","19087.38","Direct","TRUE"
"1126","2024-12-02","181","34","971.6","33034.4","Retail","FALSE"
"1127","2026-01-14","178","15","140.8","2112","Online","TRUE"
"1128","2024-11-08","61","39","490.78","19140.42","Partner","FALSE"
"1129","2026-01-24","62","36","549.31","19775.16","Direct","TRUE"
"1130","2026-06-22","34","28","644.24","18038.72","Direct","TRUE"
"1131","2026-04-11","80","17","931.46","15834.82","Online","TRUE"
"1132","2025-10-30","59","14","801.82","11225.48","Online","FALSE"
"1133","2025-09-24","79","6","104.18","625.08","Retail","TRUE"
"1134","2026-07-13","136","2","937.38","1874.76","Direct","FALSE"
"1135","2026-04-09","7","2","615.78","1231.56","Partner","FALSE"
"1136","2024-12-22","37","12","650.43","7805.16","Direct","TRUE"
"1137","2025-01-18","64","5","520","2600","Retail","TRUE"
"1138","2026-02-19","191","18","1168.73","21037.14","Partner","TRUE"
"1139","2026-02-20","77","28","668.62","18721.36","Partner","TRUE"
"1140","2026-02-15","59","19","476.85","9060.15","Online","TRUE"
"1141","2026-04-06","29","12","452.01","5424.12","Direct","TRUE"
"1142","2025-11-02","110","8","430.34","3442.72","Retail","TRUE"
"1143","2025-09-01","88","16","472.29","7556.64","Partner","TRUE"
"1144","2026-02-06","99","15","42","630","Retail","TRUE"
"1145","2025-07-30","47","10","797.17","7971.7","Partner","FALSE"
"1146","2024-11-19","143","4","606.4","2425.6","Partner","TRUE"
"1147","2025-04-30","107","38","1178","44764","Retail","TRUE"
"1148","2025-09-19","93","36","36.86","1326.96","Direct","TRUE"
"1149","2025-04-24","29","37","961.03","35558.11","Retail","TRUE"
"1150","2025-04-20","84","32","678.39","21708.48","Partner","TRUE"
"1151","2026-03-04","48","14","988.96","13845.44","Direct","TRUE"
"1152","2026-09-09","151","32","928.36","29707.52","Online","TRUE"
"1153","2024-09-21","97","36","1016.78","36604.08","Direct","TRUE"
"1154","2026-02-21","82","21","272.15","5715.15","Direct","FALSE"
"1155","2024-12-06","104","18","306.81","5522.58","Direct","TRUE"
"1156","2026-08-01","195","19","89.59","1702.21","Direct","TRUE"
"1157","2025-05-02","82","17","445.78","7578.26","Retail","TRUE"
"1158","2026-01-12","8","38","125.35","4763.3","Online","FALSE"
"1159","2026-07-28","54","39","1145.87","44688.93","Online","TRUE"
"1160","2026-02-03","32","21","913.25","19178.25","Partner","TRUE"
"1161","2026-09-04","64","16","140.69","2251.04","Partner","TRUE"
"1162","2025-10-26","5","38","475.06","18052.28","Direct","TRUE"
"1163","2025-12-16","163","16","877.78","14044.48","Partner","FALSE"
"1164","2026-06-26","168","13","631.99","8215.87","Partner","FALSE"
"1165","2025-02-03","149","2","94.36","188.72","Direct","FALSE"
"1166","2024-11-18","127","5","1134.99","5674.95","Retail","TRUE"
"1167","2026-07-20","52","25","117.23","2930.75","Retail","TRUE"
"1168","2025-10-17","126","18","297.41","5353.38","Retail","TRUE"
"1169","2025-10-24","112","36","303.39","10922.04","Retail","TRUE"
"1170","2025-01-09","125","23","386.38","8886.74","Direct","TRUE"
"1171","2024-11-16","148","28","946.13","26491.64","Direct","TRUE"
"1172","2025-07-10","94","2","343.5","687","Online","TRUE"
"1173","2024-10-17","6","7","877.8","6144.6","Online","TRUE"
"1174","2026-05-25","199","13","80.07","1040.91","Direct","TRUE"
"1175","2025-07-18","109","39","114.94","4482.66","Partner","TRUE"
"1176","2024-11-06","161","38","646.44","24564.72","Retail","TRUE"
"1177","2024-09-28","122","30","1091.08","32732.4","Partner","TRUE"
"1178","2026-07-09","80","31","391.54","12137.74","Online","TRUE"
"1179","2025-08-08","157","37","655.13","24239.81","Partner","FALSE"
"1180","2025-08-14","150","2","1152.05","2304.1","Online","FALSE"
"1181","2024-11-21","133","26","535.65","13926.9","Direct","TRUE"
"1182","2025-01-29","82","17","379.27","6447.59","Retail","TRUE"
"1183","2025-04-17","175","13","974.63","12670.19","Retail","TRUE"
"1184","2025-11-17","31","32","127.4","4076.8","Online","TRUE"
"1185","2025-08-26","15","6","788.09","4728.54","Direct","TRUE"
"1186","2024-10-16","93","26","809.78","21054.28","Online","TRUE"
"1187","2025-08-08","70","38","23.57","895.66","Direct","FALSE"
"1188","2026-04-20","90","12","195.96","2351.52","Online","TRUE"
"1189","2025-05-19","106","6","356.17","2137.02","Partner","TRUE"
"1190","2025-04-16","35","13","693.53","9015.89","Retail","TRUE"
"1191","2025-02-23","31","9","398.29","3584.61","Direct","TRUE"
"1192","2025-01-15","3","21","258.07","5419.47","Online","TRUE"
"1193","2025-06-28","175","10","654.05","6540.5","Direct","TRUE"
"1194","2024-09-17","125","19","825.3","15680.7","Retail","TRUE"
"1195","2025-04-25","71","14","410.48","5746.72","Online","TRUE"
"1196","2025-04-15","63","11","951.11","10462.21","Retail","TRUE"
"1197","2025-05-05","25","31","876.42","27169.02","Online","TRUE"
"1198","2026-03-05","105","2","315.77","631.54","Direct","FALSE"
"1199","2026-01-25","86","16","776.55","12424.8","Online","TRUE"
"1200","2024-09-17","141","15","593.7","8905.5","Partner","TRUE"
"1201","2025-03-07","72","38","243.25","9243.5","Partner","FALSE"
"1202","2025-05-22","69","35","139.75","4891.25","Retail","TRUE"
"1203","2024-09-29","126","35","511.9","17916.5","Online","TRUE"
"1204","2026-02-22","110","4","300.31","1201.24","Online","TRUE"
"1205","2026-06-21","44","36","712.79","25660.44","Partner","TRUE"
"1206","2025-12-03","195","31","365.34","11325.54","Online","TRUE"
"1207","2025-01-06","176","26","704.69","18321.94","Partner","TRUE"
"1208","2026-08-24","111","1","969.17","969.17","Direct","TRUE"
"1209","2025-08-23","26","2","989.42","1978.84","Direct","TRUE"
"1210","2026-03-25","173","10","1022.09","10220.9","Online","FALSE"
"1211","2026-09-07","34","4","1148.65","4594.6","Online","TRUE"
"1212","2025-03-20","144","16","616.5","9864","Retail","FALSE"
"1213","2026-01-27","70","8","95.04","760.32","Retail","FALSE"
"1214","2025-04-08","103","15","239.26","3588.9","Online","TRUE"
"1215","2025-04-10","200","32","558.77","17880.64","Online","FALSE"
"1216","2026-04-20","66","17","905.06","15386.02","Partner","TRUE"
"1217","2024-10-18","54","15","475.16","7127.4","Partner","TRUE"
"1218","2025-03-15","70","5","477.97","2389.85","Online","TRUE"
"1219","2024-11-17","174","14","738.05","10332.7","Partner","TRUE"
"1220","2025-11-08","134","33","652.28","21525.24","Direct","TRUE"
"1221","2026-06-25","6","22","916.44","20161.68","Direct","TRUE"
"1222","2024-10-31","50","24","631.18","15148.32","Retail","TRUE"
"1223","2025-02-17","156","28","944.59","26448.52","Retail","TRUE"
"1224","2026-06-03","197","6","150.74","904.44","Retail","TRUE"
"1225","2026-09-04","156","32","202.65","6484.8","Partner","TRUE"
"1226","2025-11-11","188","35","841.26","29444.1","Retail","TRUE"
"1227","2026-08-12","188","2","1168.31","2336.62","Retail","TRUE"
"1228","2026-03-21","106","5","699.9","3499.5","Retail","TRUE"
"1229","2024-10-22","149","17","442.06","7515.02","Direct","TRUE"
"1230","2025-05-30","183","28","146.57","4103.96","Direct","TRUE"
"1231","2025-09-04","192","30","563.41","16902.3","Retail","TRUE"
"1232","2025-03-31","147","4","884","3536","Partner","TRUE"
"1233","2025-06-13","196","13","334.67","4350.71","Online","TRUE"
"1234","2026-03-21","97","31","520.03","16120.93","Direct","TRUE"
"1235","2026-05-22","126","38","975.09","37053.42","Retail","TRUE"
"1236","2025-01-14","52","25","870.92","21773","Retail","TRUE"
"1237","2024-10-21","186","31","1094.48","33928.88","Retail","TRUE"
"1238","2025-08-24","140","6","247.37","1484.22","Partner","TRUE"
"1239","2025-12-31","167","25","272.22","6805.5","Retail","TRUE"
"1240","2026-06-08","11","16","635.97","10175.52","Direct","FALSE"
"1241","2024-11-21","37","37","307.37","11372.69","Retail","TRUE"
"1242","2026-07-07","100","9","273.14","2458.26","Partner","TRUE"
"1243","2025-09-05","159","35","178.97","6263.95","Partner","TRUE"
"1244","2024-11-17","3","39","418.14","16307.46","Partner","TRUE"
"1245","2025-02-04","106","5","402.38","2011.9","Partner","TRUE"
"1246","2026-02-28","39","17","556.11","9453.87","Partner","TRUE"
"1247","2025-04-17","137","16","1027.18","16434.88","Partner","TRUE"
"1248","2025-03-15","189","25","631.41","15785.25","Retail","FALSE"
"1249","2026-02-28","77","11","504.92","5554.12","Direct","TRUE"
"1250","2026-03-09","106","23","715.41","16454.43","Retail","FALSE"
"1251","2026-01-26","55","39","13.94","543.66","Online","TRUE"
"1252","2026-07-24","154","16","971.72","15547.52","Partner","TRUE"
"1253","2026-04-26","79","19","655.4","12452.6","Direct","TRUE"
"1254","2026-06-19","128","27","921.18","24871.86","Retail","FALSE"
"1255","2025-10-06","62","10","645.74","6457.4","Retail","TRUE"
"1256","2025-04-05","187","11","186.66","2053.26","Direct","TRUE"
"1257","2026-05-10","25","19","310.89","5906.91","Direct","TRUE"
"1258","2025-01-16","31","12","839.88","10078.56","Direct","TRUE"
"1259","2024-10-07","48","8","861.23","6889.84","Direct","FALSE"
"1260","2025-05-30","192","37","838.11","31010.07","Retail","TRUE"
"1261","2025-06-17","80","23","1039.78","23914.94","Retail","TRUE"
"1262","2026-08-31","113","5","704.14","3520.7","Partner","TRUE"
"1263","2025-03-21","183","15","1006.91","15103.65","Direct","TRUE"
"1264","2026-09-09","167","28","883.68","24743.04","Direct","TRUE"
"1265","2026-02-04","13","15","1090.5","16357.5","Partner","TRUE"
"1266","2025-01-16","166","27","1011.78","27318.06","Partner","TRUE"
"1267","2024-11-02","100","23","68.79","1582.17","Direct","TRUE"
"1268","2026-07-08","124","35","164.11","5743.85","Retail","TRUE"
"1269","2025-03-26","131","9","1002.69","9024.21","Partner","TRUE"
"1270","2026-09-12","50","23","660.65","15194.95","Direct","TRUE"
"1271","2024-11-11","132","24","984.82","23635.68","Direct","FALSE"
"1272","2025-11-15","156","27","1006.84","27184.68","Retail","TRUE"
"1273","2024-12-28","4","14","283.49","3968.86","Retail","FALSE"
"1274","2026-08-01","12","19","495.29","9410.51","Online","TRUE"
"1275","2025-05-19","200","8","1085.99","8687.92","Online","FALSE"
"1276","2025-08-06","99","2","165.41","330.82","Direct","TRUE"
"1277","2025-03-14","81","7","625.15","4376.05","Retail","TRUE"
"1278","2026-03-27","165","9","131.99","1187.91","Online","TRUE"
"1279","2026-07-11","5","13","664.35","8636.55","Partner","TRUE"
"1280","2026-07-11","45","39","25.5","994.5","Online","TRUE"
"1281","2026-03-16","23","27","762.69","20592.63","Online","TRUE"
"1282","2026-05-09","116","6","896.34","5378.04","Partner","TRUE"
"1283","2026-04-05","51","33","16.96","559.68","Retail","FALSE"
"1284","2025-05-21","62","3","116.7","350.1","Retail","TRUE"
"1285","2025-01-26","21","16","191.34","3061.44","Online","TRUE"
"1286","2025-05-24","69","11","286.93","3156.23","Retail","TRUE"
"1287","2025-11-04","6","10","24.48","244.8","Partner","TRUE"
"1288","2024-11-13","161","20","180.89","3617.8","Retail","TRUE"
"1289","2025-08-16","173","14","635.88","8902.32","Partner","TRUE"
"1290","2024-09-29","198","23","395.85","9104.55","Partner","TRUE"
"1291","2024-12-22","146","31","679.38","21060.78","Direct","FALSE"
"1292","2025-08-04","117","30","650.77","19523.1","Partner","TRUE"
"1293","2025-11-06","174","39","944.15","36821.85","Retail","TRUE"
"1294","2025-04-24","145","11","298.27","3280.97","Partner","TRUE"
"1295","2026-08-24","135","15","137.02","2055.3","Partner","FALSE"
"1296","2025-11-13","43","21","666.81","14003.01","Retail","TRUE"
"1297","2024-11-17","111","2","997.95","1995.9","Retail","TRUE"
"1298","2025-09-26","67","21","232.29","4878.09","Partner","TRUE"
"1299","2025-07-27","85","5","211.78","1058.9","Partner","TRUE"
"1300","2025-11-19","118","26","110.13","2863.38","Retail","TRUE"
"1301","2024-09-16","124","21","470.89","9888.69","Retail","TRUE"
"1302","2025-10-10","191","39","61.68","2405.52","Retail","FALSE"
"1303","2025-09-15","63","25","813.68","20342","Direct","TRUE"
"1304","2025-08-13","109","31","707.84","21943.04","Online","TRUE"
"1305","2026-06-16","137","1","287.49","287.49","Direct","FALSE"
"1306","2025-08-20","52","9","332.88","2995.92","Direct","TRUE"
"1307","2024-10-15","58","6","909.98","5459.88","Online","TRUE"
"1308","2025-08-02","93","36","886.54","31915.44","Partner","TRUE"
"1309","2024-10-13","51","26","237.06","6163.56","Online","FALSE"
"1310","2026-06-07","42","6","485.81","2914.86","Online","TRUE"
"1311","2025-03-23","153","11","843.27","9275.97","Partner","TRUE"
"1312","2025-11-26","139","18","45.58","820.44","Retail","TRUE"
"1313","2024-12-28","108","15","974.6","14619","Partner","TRUE"
"1314","2025-10-15","165","14","597","8358","Direct","TRUE"
"1315","2026-02-19","166","14","510.19","7142.66","Partner","FALSE"
"1316","2025-06-09","168","38","1068.31","40595.78","Retail","TRUE"
"1317","2025-07-02","158","12","1183.56","14202.72","Retail","FALSE"
"1318","2025-02-26","22","22","410.14","9023.08","Partner","TRUE"
"1319","2025-09-01","129","1","326.44","326.44","Partner","TRUE"
"1320","2025-02-15","186","2","108.25","216.5","Retail","TRUE"
"1321","2026-05-19","2","35","861.72","30160.2","Online","TRUE"
"1322","2026-05-16","1","16","929.05","14864.8","Partner","TRUE"
"1323","2025-03-01","80","25","715.45","17886.25","Retail","TRUE"
"1324","2026-08-03","104","24","295.26","7086.24","Partner","TRUE"
"1325","2025-04-22","174","5","493.35","2466.75","Retail","TRUE"
"1326","2024-12-11","167","34","948.27","32241.18","Online","FALSE"
"1327","2026-04-03","180","36","353.75","12735","Online","TRUE"
"1328","2024-11-02","96","14","340.08","4761.12","Online","TRUE"
"1329","2024-09-24","185","17","130.34","2215.78","Retail","TRUE"
"1330","2025-01-29","97","32","22.35","715.2","Online","TRUE"
"1331","2025-07-17","25","35","154.09","5393.15","Direct","TRUE"
"1332","2026-04-09","148","31","261.92","8119.52","Partner","FALSE"
"1333","2026-01-21","90","17","269.9","4588.3","Partner","TRUE"
"1334","2025-03-28","98","23","1190.97","27392.31","Partner","TRUE"
"1335","2025-11-24","191","16","277.62","4441.92","Retail","FALSE"
"1336","2024-10-22","120","25","122.28","3057","Online","TRUE"
"1337","2024-10-30","38","15","249.73","3745.95","Online","TRUE"
"1338","2026-01-05","190","36","1169.16","42089.76","Retail","TRUE"
"1339","2026-03-06","74","21","696.96","14636.16","Online","FALSE"
"1340","2026-08-08","198","1","1079.84","1079.84","Direct","TRUE"
"1341","2026-08-15","82","29","781.69","22669.01","Partner","FALSE"
"1342","2026-03-28","168","4","13.79","55.16","Retail","TRUE"
"1343","2025-06-26","51","12","492.31","5907.72","Direct","FALSE"
"1344","2025-10-09","97","23","693.68","15954.64","Direct","TRUE"
"1345","2024-11-24","15","20","478.14","9562.8","Retail","TRUE"
"1346","2025-05-21","45","8","783.08","6264.64","Retail","TRUE"
"1347","2024-10-23","67","7","1130.83","7915.81","Direct","TRUE"
"1348","2026-06-27","139","20","854.09","17081.8","Retail","TRUE"
"1349","2025-03-22","175","8","1124.67","8997.36","Retail","TRUE"
"1350","2025-11-02","125","1","1100.39","1100.39","Direct","TRUE"
"1351","2025-03-19","116","18","35.12","632.16","Retail","FALSE"
"1352","2026-09-13","164","6","226.69","1360.14","Retail","TRUE"
"1353","2026-02-04","132","16","626.39","10022.24","Direct","TRUE"
"1354","2026-01-12","108","4","19.48","77.92","Online","TRUE"
"1355","2025-06-06","167","17","897.28","15253.76","Retail","FALSE"
"1356","2024-09-14","11","28","700.84","19623.52","Retail","TRUE"
"1357","2026-07-04","146","15","741","11115","Online","FALSE"
"1358","2024-12-26","6","12","941.9","11302.8","Partner","TRUE"
"1359","2026-06-15","155","16","666.46","10663.36","Retail","TRUE"
"1360","2024-09-26","95","13","869.02","11297.26","Online","TRUE"
"1361","2025-02-18","148","23","1145.15","26338.45","Partner","TRUE"
"1362","2026-02-06","83","2","19.99","39.98","Direct","TRUE"
"1363","2025-06-08","46","33","851.37","28095.21","Retail","TRUE"
"1364","2025-06-26","28","5","730.91","3654.55","Partner","FALSE"
"1365","2025-10-04","173","9","336.63","3029.67","Direct","TRUE"
"1366","2024-09-28","155","19","1045.63","19866.97","Retail","TRUE"
"1367","2024-09-28","115","23","68.9","1584.7","Retail","TRUE"
"1368","2025-04-28","135","11","769.59","8465.49","Online","TRUE"
"1369","2025-05-24","5","36","1066.52","38394.72","Online","TRUE"
"1370","2025-11-21","89","22","907.56","19966.32","Partner","TRUE"
"1371","2026-06-28","155","5","264.33","1321.65","Partner","FALSE"
"1372","2025-04-16","173","36","416.26","14985.36","Online","TRUE"
"1373","2026-01-04","19","7","512.63","3588.41","Partner","TRUE"
"1374","2026-02-16","162","38","760.65","28904.7","Partner","FALSE"
"1375","2026-04-10","133","1","693.71","693.71","Partner","TRUE"
"1376","2025-10-03","188","28","37.1","1038.8","Direct","TRUE"
"1377","2024-10-02","187","39","877.46","34220.94","Retail","TRUE"
"1378","2026-01-26","139","19","394.57","7496.83","Partner","FALSE"
"1379","2025-11-23","3","23","115.52","2656.96","Partner","TRUE"
"1380","2024-10-15","124","34","694.39","23609.26","Direct","FALSE"
"1381","2025-07-31","189","27","1169.65","31580.55","Direct","TRUE"
"1382","2024-12-28","32","8","1087.55","8700.4","Partner","TRUE"
"1383","2025-08-20","196","27","623.83","16843.41","Online","FALSE"
"1384","2025-02-21","38","1","373.2","373.2","Partner","TRUE"
"1385","2026-05-07","4","35","351.66","12308.1","Partner","TRUE"
"1386","2025-08-18","103","10","1076.92","10769.2","Direct","TRUE"
"1387","2026-07-13","182","17","583.92","9926.64","Online","FALSE"
"1388","2025-09-14","176","5","327.16","1635.8","Retail","FALSE"
"1389","2026-06-03","166","3","299.15","897.45","Retail","TRUE"
"1390","2025-01-19","170","13","907.33","11795.29","Direct","FALSE"
"1391","2024-12-05","60","4","1126.28","4505.12","Online","TRUE"
"1392","2025-02-14","73","6","472.02","2832.12","Direct","TRUE"
"1393","2025-06-03","194","34","1077.24","36626.16","Partner","TRUE"
"1394","2025-09-29","126","34","765.17","26015.78","Direct","TRUE"
"1395","2025-09-30","138","14","108.8","1523.2","Online","FALSE"
"1396","2025-03-11","51","7","59.32","415.24","Online","FALSE"
"1397","2025-08-02","173","30","461.33","13839.9","Partner","TRUE"
"1398","2024-11-05","44","38","183.94","6989.72","Partner","TRUE"
"1399","2026-05-04","136","39","78.62","3066.18","Direct","TRUE"
"1400","2026-04-22","50","19","1062.72","20191.68","Direct","TRUE"
"1401","2026-06-05","196","28","321","8988","Direct","TRUE"
"1402","2025-07-13","39","18","799.54","14391.72","Partner","TRUE"
"1403","2024-10-27","37","9","267.95","2411.55","Partner","TRUE"
"1404","2024-12-26","102","6","194.19","1165.14","Online","TRUE"
"1405","2024-12-13","21","39","541.73","21127.47","Direct","TRUE"
"1406","2025-10-14","113","32","126.06","4033.92","Retail","TRUE"
"1407","2026-06-18","188","1","383.88","383.88","Online","FALSE"
"1408","2025-05-22","74","12","122.08","1464.96","Partner","TRUE"
"1409","2025-09-19","84","19","425.94","8092.86","Partner","TRUE"
"1410","2026-04-08","143","34","1067.59","36298.06","Retail","FALSE"
"1411","2025-04-01","94","16","1090.19","17443.04","Direct","TRUE"
"1412","2025-03-01","32","27","616.54","16646.58","Retail","TRUE"
"1413","2025-01-16","49","1","410.84","410.84","Direct","TRUE"
"1414","2025-02-20","126","20","445.98","8919.6","Partner","TRUE"
"1415","2025-04-28","138","8","835.26","6682.08","Online","TRUE"
"1416","2026-02-23","17","17","699.36","11889.12","Retail","FALSE"
"1417","2026-01-25","43","12","427.6","5131.2","Direct","TRUE"
"1418","2025-02-23","60","1","585.74","585.74","Partner","TRUE"
"1419","2026-07-20","162","22","677.94","14914.68","Online","TRUE"
"1420","2025-11-07","120","3","1125.45","3376.35","Direct","FALSE"
"1421","2025-01-07","134","7","994.11","6958.77","Retail","TRUE"
"1422","2026-03-29","136","34","1092.29","37137.86","Retail","TRUE"
"1423","2024-12-27","183","24","86.71","2081.04","Online","TRUE"
"1424","2025-09-04","138","29","649.56","18837.24","Direct","TRUE"
"1425","2026-02-10","78","33","985.44","32519.52","Partner","TRUE"
"1426","2024-10-14","96","31","1187.14","36801.34","Retail","TRUE"
"1427","2025-01-02","76","21","933.37","19600.77","Partner","FALSE"
"1428","2026-06-11","89","13","1150.87","14961.31","Partner","TRUE"
"1429","2025-04-09","18","11","935.03","10285.33","Direct","TRUE"
"1430","2025-05-01","40","33","167.72","5534.76","Retail","TRUE"
"1431","2026-08-13","61","35","1178.45","41245.75","Partner","TRUE"
"1432","2025-04-08","171","36","979.16","35249.76","Partner","TRUE"
"1433","2026-01-01","92","2","1157.11","2314.22","Partner","FALSE"
"1434","2025-08-16","124","20","180.23","3604.6","Partner","TRUE"
"1435","2026-07-18","87","4","607.67","2430.68","Direct","FALSE"
"1436","2025-09-11","195","18","518.97","9341.46","Partner","TRUE"
"1437","2026-08-07","160","23","524.67","12067.41","Online","TRUE"
"1438","2026-03-05","147","22","1015.64","22344.08","Retail","TRUE"
"1439","2025-04-08","177","35","114.13","3994.55","Retail","FALSE"
"1440","2025-06-16","104","5","1005.69","5028.45","Direct","FALSE"
"1441","2024-11-18","60","10","463.12","4631.2","Online","TRUE"
"1442","2025-10-19","80","1","469.41","469.41","Direct","TRUE"
"1443","2025-12-21","93","18","1148.04","20664.72","Partner","FALSE"
"1444","2026-07-14","17","39","1072.79","41838.81","Online","TRUE"
"1445","2026-08-18","65","32","810.68","25941.76","Online","TRUE"
"1446","2024-12-25","189","20","324.72","6494.4","Retail","TRUE"
"1447","2026-04-21","153","3","450.26","1350.78","Partner","TRUE"
"1448","2026-08-31","91","25","48.06","1201.5","Partner","TRUE"
"1449","2026-03-28","57","6","597.92","3587.52","Partner","TRUE"
"1450","2024-11-10","21","29","124.36","3606.44","Retail","FALSE"
"1451","2026-07-11","33","26","275.18","7154.68","Partner","FALSE"
"1452","2026-01-24","36","18","1035.74","18643.32","Online","TRUE"
"1453","2025-12-14","182","29","1114.86","32330.94","Retail","TRUE"
"1454","2026-03-30","155","36","290.67","10464.12","Partner","TRUE"
"1455","2025-11-04","101","14","46.94","657.16","Direct","FALSE"
"1456","2025-05-29","131","18","376.82","6782.76","Partner","TRUE"
"1457","2026-02-25","190","35","1032.47","36136.45","Partner","TRUE"
"1458","2026-03-17","70","36","316.75","11403","Online","TRUE"
"1459","2025-01-04","119","22","1163.21","25590.62","Partner","FALSE"
"1460","2025-12-18","171","25","1076.82","26920.5","Partner","TRUE"
"1461","2025-01-03","62","36","682.61","24573.96","Partner","TRUE"
"1462","2024-09-29","176","34","1164.66","39598.44","Online","TRUE"
"1463","2026-05-06","147","38","499.84","18993.92","Retail","TRUE"
"1464","2025-03-16","102","14","21.77","304.78","Partner","FALSE"
"1465","2025-05-27","106","1","33.68","33.68","Retail","TRUE"
"1466","2026-07-16","45","5","402.86","2014.3","Direct","TRUE"
"1467","2026-06-01","88","27","387.37","10458.99","Partner","TRUE"
"1468","2026-01-27","6","38","93.96","3570.48","Partner","FALSE"
"1469","2025-12-07","159","13","645.62","8393.06","Direct","TRUE"
"1470","2026-05-25","33","1","1034.94","1034.94","Online","TRUE"
"1471","2025-06-29","182","18","254.54","4581.72","Direct","TRUE"
"1472","2026-05-17","34","7","136.33","954.31","Partner","FALSE"
"1473","2026-01-25","176","17","936.53","15921.01","Online","TRUE"
"1474","2025-01-27","156","5","809.92","4049.6","Direct","TRUE"
"1475","2025-08-16","194","16","383.55","6136.8","Retail","FALSE"
"1476","2026-02-06","6","34","193.53","6580.02","Partner","TRUE"
"1477","2026-08-10","78","28","46.3","1296.4","Online","FALSE"
"1478","2026-03-19","132","30","102.6","3078","Retail","TRUE"
"1479","2025-02-27","138","35","597.45","20910.75","Partner","TRUE"
"1480","2026-06-16","135","26","520.05","13521.3","Partner","TRUE"
"1481","2026-03-02","88","28","87.91","2461.48","Online","TRUE"
"1482","2026-05-13","187","25","466.94","11673.5","Retail","TRUE"
"1483","2024-12-09","4","37","936.78","34660.86","Partner","TRUE"
"1484","2026-02-27","146","30","342.15","10264.5","Retail","FALSE"
"1485","2024-12-22","17","3","1078.92","3236.76","Retail","TRUE"
"1486","2026-01-01","65","3","602.34","1807.02","Direct","TRUE"
"1487","2025-01-30","154","30","1065.54","31966.2","Partner","TRUE"
"1488","2026-09-13","141","9","439.29","3953.61","Partner","TRUE"
"1489","2024-09-24","79","31","913.07","28305.17","Online","FALSE"
"1490","2025-08-27","68","22","454.29","9994.38","Direct","TRUE"
"1491","2025-09-23","104","24","145.99","3503.76","Partner","TRUE"
"1492","2024-09-21","187","21","448.77","9424.17","Partner","TRUE"
"1493","2024-11-02","62","17","743.41","12637.97","Partner","TRUE"
"1494","2026-01-16","99","33","540.7","17843.1","Online","TRUE"
"1495","2025-06-22","188","19","928.79","17647.01","Partner","TRUE"
"1496","2025-08-03","144","39","652.12","25432.68","Retail","TRUE"
"1497","2025-01-18","131","5","632.76","3163.8","Retail","FALSE"
"1498","2025-11-28","44","11","684.57","7530.27","Retail","FALSE"
"1499","2026-06-27","76","37","569.75","21080.75","Direct","FALSE"
"1500","2025-11-11","24","21","946.52","19876.92","Partner","FALSE"
"1501","2025-04-03","63","36","332.45","11968.2","Retail","TRUE"
"1502","2026-08-01","140","32","943.71","30198.72","Direct","TRUE"
"1503","2026-09-12","77","19","1161.46","22067.74","Partner","TRUE"
"1504","2025-04-13","15","39","382.8","14929.2","Partner","TRUE"
"1505","2024-11-17","126","26","46.24","1202.24","Online","FALSE"
"1506","2026-04-28","7","6","744.03","4464.18","Partner","TRUE"
"1507","2026-06-19","103","28","971.54","27203.12","Online","TRUE"
"1508","2024-11-14","131","29","20.99","608.71","Online","TRUE"
"1509","2026-08-12","91","36","104.3","3754.8","Online","FALSE"
"1510","2025-10-13","131","19","835","15865","Partner","TRUE"
"1511","2025-03-12","80","26","161.51","4199.26","Direct","FALSE"
"1512","2025-09-13","130","16","972.14","15554.24","Direct","TRUE"
"1513","2025-09-07","67","14","197.1","2759.4","Partner","TRUE"
"1514","2026-01-20","83","26","853.36","22187.36","Direct","FALSE"
"1515","2026-06-11","98","5","124.7","623.5","Direct","TRUE"
"1516","2026-05-26","31","25","991.63","24790.75","Online","TRUE"
"1517","2026-06-29","78","28","436.82","12230.96","Direct","FALSE"
"1518","2025-12-22","185","14","916.15","12826.1","Direct","TRUE"
"1519","2026-08-26","73","5","438.3","2191.5","Direct","TRUE"
"1520","2026-05-22","117","7","170.92","1196.44","Online","TRUE"
"1521","2025-10-18","192","37","762.41","28209.17","Retail","TRUE"
"1522","2025-11-21","108","27","222.45","6006.15","Direct","TRUE"
"1523","2026-08-01","62","28","1056.79","29590.12","Online","FALSE"
"1524","2025-07-11","31","38","757.69","28792.22","Partner","TRUE"
"1525","2025-05-09","13","16","836.24","13379.84","Online","TRUE"
"1526","2025-11-11","97","3","737.9","2213.7","Direct","TRUE"
"1527","2026-03-16","25","17","90.79","1543.43","Online","TRUE"
"1528","2025-05-05","59","3","283.18","849.54","Online","TRUE"
"1529","2026-08-02","63","6","432.99","2597.94","Partner","TRUE"
"1530","2024-12-27","185","20","623.74","12474.8","Online","TRUE"
"1531","2026-02-06","160","21","40.73","855.33","Direct","FALSE"
"1532","2025-02-16","190","14","76.38","1069.32","Direct","TRUE"
"1533","2024-12-13","190","1","1193.36","1193.36","Partner","FALSE"
"1534","2024-10-08","195","34","139.92","4757.28","Online","TRUE"
"1535","2026-07-05","50","35","915.29","32035.15","Retail","TRUE"
"1536","2025-04-26","100","13","832.35","10820.55","Retail","TRUE"
"1537","2026-06-19","114","23","161.89","3723.47","Direct","TRUE"
"1538","2025-12-29","121","17","160.44","2727.48","Partner","TRUE"
"1539","2026-07-29","109","39","748.18","29179.02","Online","TRUE"
"1540","2026-05-13","73","18","579.69","10434.42","Partner","FALSE"
"1541","2025-05-27","27","13","603.22","7841.86","Retail","TRUE"
"1542","2025-10-25","136","24","1052.56","25261.44","Retail","TRUE"
"1543","2026-06-10","125","4","936.86","3747.44","Online","TRUE"
"1544","2025-10-31","110","19","251.77","4783.63","Retail","TRUE"
"1545","2025-02-05","49","16","115.47","1847.52","Retail","TRUE"
"1546","2025-03-21","1","6","672.41","4034.46","Direct","TRUE"
"1547","2024-11-03","143","36","170.34","6132.24","Direct","FALSE"
"1548","2024-11-23","57","19","840.13","15962.47","Online","TRUE"
"1549","2025-04-04","168","12","634.42","7613.04","Direct","TRUE"
"1550","2026-04-23","42","3","132.76","398.28","Retail","FALSE"
"1551","2025-08-24","186","39","682","26598","Direct","TRUE"
"1552","2024-09-14","156","4","1110.93","4443.72","Retail","TRUE"
"1553","2025-08-07","78","3","270.19","810.57","Partner","TRUE"
"1554","2025-10-08","145","29","1118.71","32442.59","Partner","TRUE"
"1555","2024-09-18","41","11","323.6","3559.6","Retail","TRUE"
"1556","2025-11-03","142","39","597.28","23293.92","Direct","FALSE"
"1557","2026-07-18","199","28","979.15","27416.2","Direct","TRUE"
"1558","2026-02-21","46","35","1110.69","38874.15","Partner","TRUE"
"1559","2024-11-24","145","6","50.56","303.36","Partner","TRUE"
"1560","2026-01-07","125","34","1116.2","37950.8","Partner","FALSE"
"1561","2026-03-21","155","19","1156.79","21979.01","Online","TRUE"
"1562","2026-03-02","110","1","820.8","820.8","Retail","FALSE"
"1563","2025-02-23","21","31","172.99","5362.69","Retail","TRUE"
"1564","2024-10-28","101","23","584.99","13454.77","Direct","TRUE"
"1565","2026-06-04","24","18","512.32","9221.76","Online","FALSE"
"1566","2025-06-06","183","22","367.01","8074.22","Online","TRUE"
"1567","2025-08-31","198","7","65.98","461.86","Online","TRUE"
"1568","2025-11-18","73","22","47.24","1039.28","Online","TRUE"
"1569","2026-04-30","151","1","241.82","241.82","Online","TRUE"
"1570","2025-04-14","17","13","824.37","10716.81","Direct","TRUE"
"1571","2026-01-17","129","15","55.45","831.75","Online","TRUE"
"1572","2025-04-24","158","17","1080.07","18361.19","Partner","TRUE"
"1573","2025-12-20","101","10","1068.7","10687","Partner","TRUE"
"1574","2026-01-09","153","37","586.67","21706.79","Direct","TRUE"
"1575","2025-08-27","61","1","135.43","135.43","Partner","TRUE"
"1576","2024-10-26","185","19","106.03","2014.57","Online","TRUE"
"1577","2024-12-17","174","4","372.48","1489.92","Partner","TRUE"
"1578","2025-07-18","53","29","448.21","12998.09","Partner","TRUE"
"1579","2026-04-06","116","5","974.45","4872.25","Online","TRUE"
"1580","2025-07-17","150","23","585.74","13472.02","Partner","TRUE"
"1581","2025-07-21","152","20","738.29","14765.8","Direct","TRUE"
"1582","2025-11-19","26","7","517.06","3619.42","Partner","TRUE"
"1583","2025-07-13","70","23","606.04","13938.92","Retail","FALSE"
"1584","2025-03-25","96","13","20.73","269.49","Direct","TRUE"
"1585","2026-05-08","95","6","382.79","2296.74","Direct","TRUE"
"1586","2026-07-23","79","5","1067.3","5336.5","Direct","TRUE"
"1587","2025-03-26","7","16","1182.91","18926.56","Direct","FALSE"
"1588","2025-12-24","2","8","125.79","1006.32","Retail","FALSE"
"1589","2024-10-14","37","17","770.29","13094.93","Online","TRUE"
"1590","2026-03-21","25","37","200.1","7403.7","Direct","TRUE"
"1591","2025-04-26","35","5","342.85","1714.25","Partner","TRUE"
"1592","2025-02-28","103","16","254.87","4077.92","Online","TRUE"
"1593","2026-03-19","195","19","525.22","9979.18","Partner","TRUE"
"1594","2025-05-11","164","33","247.35","8162.55","Retail","TRUE"
"1595","2024-11-17","160","26","153.33","3986.58","Direct","FALSE"
"1596","2026-01-03","126","31","671.14","20805.34","Retail","TRUE"
"1597","2025-09-15","173","17","466.12","7924.04","Retail","FALSE"
"1598","2025-12-26","142","38","826.86","31420.68","Retail","TRUE"
"1599","2024-09-22","88","14","271.85","3805.9","Retail","TRUE"
"1600","2025-06-28","63","19","252.74","4802.06","Partner","TRUE"
"1601","2026-01-28","166","33","737.48","24336.84","Direct","TRUE"
"1602","2026-08-18","26","24","966.07","23185.68","Direct","TRUE"
"1603","2026-06-20","195","25","438.28","10957","Retail","TRUE"
"1604","2025-07-01","160","3","907.05","2721.15","Direct","FALSE"
"1605","2025-12-25","128","22","557.58","12266.76","Direct","FALSE"
"1606","2025-07-23","54","28","525.41","14711.48","Direct","TRUE"
"1607","2025-02-28","200","31","432.19","13397.89","Retail","TRUE"
"1608","2025-12-15","186","28","1104.43","30924.04","Retail","TRUE"
"1609","2026-06-02","147","37","24.03","889.11","Online","TRUE"
"1610","2024-12-28","77","28","647.92","18141.76","Retail","FALSE"
"1611","2026-02-15","14","38","447.27","16996.26","Retail","TRUE"
"1612","2025-01-02","167","19","271.31","5154.89","Partner","TRUE"
"1613","2026-02-28","193","39","266.92","10409.88","Direct","TRUE"
"1614","2024-09-26","153","33","432.5","14272.5","Direct","FALSE"
"1615","2025-10-18","83","26","934.31","24292.06","Retail","TRUE"
"1616","2025-09-27","165","38","581.82","22109.16","Retail","TRUE"
"1617","2024-12-30","72","13","1094.86","14233.18","Online","TRUE"
"1618","2025-11-04","185","36","171.36","6168.96","Online","TRUE"
"1619","2025-08-30","46","11","1141.36","12554.96","Direct","FALSE"
"1620","2025-12-23","125","20","195.57","3911.4","Online","TRUE"
"1621","2026-04-24","63","2","824.56","1649.12","Direct","FALSE"
"1622","2026-03-29","52","25","416.96","10424","Partner","TRUE"
"1623","2025-02-14","54","9","965.25","8687.25","Partner","FALSE"
"1624","2024-11-21","123","15","441.58","6623.7","Partner","TRUE"
"1625","2024-12-24","114","18","754","13572","Partner","TRUE"
"1626","2024-12-22","106","2","1074.98","2149.96","Direct","TRUE"
"1627","2025-06-05","77","16","815.77","13052.32","Online","TRUE"
"1628","2025-12-28","123","11","208.48","2293.28","Partner","TRUE"
"1629","2026-01-19","6","12","769.35","9232.2","Online","TRUE"
"1630","2025-12-15","167","10","137.85","1378.5","Partner","TRUE"
"1631","2025-04-20","15","35","606.46","21226.1","Direct","TRUE"
"1632","2025-10-26","43","23","372.99","8578.77","Direct","TRUE"
"1633","2025-08-29","163","35","253.51","8872.85","Online","TRUE"
"1634","2025-07-29","54","30","802.45","24073.5","Direct","TRUE"
"1635","2024-12-11","22","23","1025.2","23579.6","Direct","FALSE"
"1636","2025-10-06","76","38","170.36","6473.68","Online","TRUE"
"1637","2026-01-10","123","10","1041.34","10413.4","Retail","FALSE"
"1638","2026-02-21","12","3","167.71","503.13","Partner","TRUE"
"1639","2024-09-17","2","10","23.53","235.3","Direct","FALSE"
"1640","2025-09-20","35","37","202.43","7489.91","Online","FALSE"
"1641","2024-11-19","39","13","477.91","6212.83","Partner","TRUE"
"1642","2026-03-27","82","38","185.82","7061.16","Direct","TRUE"
"1643","2024-11-15","124","7","960.65","6724.55","Online","TRUE"
"1644","2025-02-06","64","31","425.01","13175.31","Direct","TRUE"
"1645","2026-04-10","8","25","683.02","17075.5","Partner","TRUE"
"1646","2025-04-30","127","13","773.71","10058.23","Direct","TRUE"
"1647","2026-08-08","190","11","1062.7","11689.7","Online","TRUE"
"1648","2025-11-26","101","5","1190.88","5954.4","Direct","TRUE"
"1649","2025-12-25","168","22","498.74","10972.28","Partner","TRUE"
"1650","2026-02-24","144","10","625.54","6255.4","Online","TRUE"
"1651","2026-05-27","190","16","687.76","11004.16","Partner","TRUE"
"1652","2026-04-08","155","35","137.63","4817.05","Online","TRUE"
"1653","2025-11-18","16","37","1030.35","38122.95","Online","TRUE"
"1654","2026-05-03","134","10","633.09","6330.9","Partner","TRUE"
"1655","2026-02-28","75","35","571.8","20013","Direct","TRUE"
"1656","2025-01-28","43","29","721.41","20920.89","Retail","TRUE"
"1657","2026-04-15","171","18","654.75","11785.5","Direct","TRUE"
"1658","2025-05-14","167","33","1073.61","35429.13","Retail","TRUE"
"1659","2025-06-01","139","31","249.21","7725.51","Direct","TRUE"
"1660","2025-03-15","41","19","858.23","16306.37","Partner","TRUE"
"1661","2025-03-07","131","34","274.54","9334.36","Online","TRUE"
"1662","2026-07-01","120","6","376.55","2259.3","Online","TRUE"
"1663","2024-11-27","132","12","986.47","11837.64","Online","TRUE"
"1664","2025-09-20","14","3","738.22","2214.66","Direct","TRUE"
"1665","2025-06-08","174","31","84.08","2606.48","Online","TRUE"
"1666","2025-09-26","187","23","1134.15","26085.45","Retail","TRUE"
"1667","2025-03-23","85","11","539.48","5934.28","Partner","FALSE"
"1668","2024-10-24","116","5","212.36","1061.8","Partner","FALSE"
"1669","2025-01-10","73","11","326.12","3587.32","Direct","FALSE"
"1670","2025-09-30","94","33","152.38","5028.54","Partner","FALSE"
"1671","2025-09-30","47","27","454.3","12266.1","Partner","TRUE"
"1672","2025-08-02","104","25","475.6","11890","Direct","TRUE"
"1673","2024-10-17","160","15","288.05","4320.75","Direct","TRUE"
"1674","2025-04-01","5","23","738.48","16985.04","Retail","FALSE"
"1675","2026-03-02","50","9","94.66","851.94","Direct","TRUE"
"1676","2026-08-06","140","29","555.93","16121.97","Direct","TRUE"
"1677","2026-04-09","25","17","460.73","7832.41","Direct","TRUE"
"1678","2025-07-26","172","22","81.8","1799.6","Direct","FALSE"
"1679","2026-02-14","64","26","263.41","6848.66","Retail","TRUE"
"1680","2025-12-31","75","32","755.83","24186.56","Online","TRUE"
"1681","2025-10-30","17","31","207.16","6421.96","Online","TRUE"
"1682","2024-12-21","46","35","351.54","12303.9","Partner","TRUE"
"1683","2025-08-11","189","36","444.68","16008.48","Online","TRUE"
"1684","2026-06-22","182","28","622.31","17424.68","Partner","TRUE"
"1685","2026-08-05","43","26","37.63","978.38","Direct","TRUE"
"1686","2024-11-07","124","39","313.2","12214.8","Partner","TRUE"
"1687","2026-06-15","137","8","860.91","6887.28","Direct","FALSE"
"1688","2026-01-12","112","6","952.95","5717.7","Online","TRUE"
"1689","2025-06-05","150","22","230.53","5071.66","Partner","TRUE"
"1690","2026-08-08","136","7","999.04","6993.28","Direct","TRUE"
"1691","2026-01-20","77","38","981.86","37310.68","Direct","TRUE"
"1692","2025-08-05","158","38","1188.55","45164.9","Online","TRUE"
"1693","2025-05-29","91","9","52.63","473.67","Partner","TRUE"
"1694","2025-04-21","180","29","678.64","19680.56","Direct","TRUE"
"1695","2025-03-06","118","3","714.86","2144.58","Partner","TRUE"
"1696","2025-07-17","189","10","785.89","7858.9","Direct","TRUE"
"1697","2025-10-19","58","22","220.87","4859.14","Online","FALSE"
"1698","2026-07-26","188","32","478.79","15321.28","Online","FALSE"
"1699","2025-02-27","84","38","139.63","5305.94","Retail","TRUE"
"1700","2026-05-10","60","39","577.52","22523.28","Retail","TRUE"
"1701","2025-06-19","17","35","1077.7","37719.5","Retail","TRUE"
"1702","2025-02-02","89","15","221.02","3315.3","Retail","TRUE"
"1703","2025-09-15","155","23","1193.32","27446.36","Direct","TRUE"
"1704","2025-09-02","125","32","689.01","22048.32","Online","TRUE"
"1705","2025-09-29","101","16","553.17","8850.72","Online","TRUE"
"1706","2026-07-12","80","19","751.61","14280.59","Direct","TRUE"
"1707","2026-06-19","116","6","995.09","5970.54","Partner","TRUE"
"1708","2025-08-29","11","15","519.07","7786.05","Retail","TRUE"
"1709","2025-01-22","175","32","288.74","9239.68","Direct","TRUE"
"1710","2025-11-26","154","3","14.41","43.23","Online","TRUE"
"1711","2025-02-21","96","37","528.14","19541.18","Direct","FALSE"
"1712","2024-10-25","195","7","628.63","4400.41","Online","TRUE"
"1713","2026-07-15","190","17","531","9027","Partner","FALSE"
"1714","2025-04-04","107","4","353.18","1412.72","Online","TRUE"
"1715","2026-09-09","151","28","749.71","20991.88","Partner","FALSE"
"1716","2024-09-29","59","38","905.94","34425.72","Online","TRUE"
"1717","2025-05-05","42","18","1146.23","20632.14","Online","FALSE"
"1718","2026-03-09","108","22","773.94","17026.68","Online","FALSE"
"1719","2025-02-01","199","8","681.16","5449.28","Partner","TRUE"
"1720","2025-10-06","50","22","1135.71","24985.62","Online","TRUE"
"1721","2025-06-04","194","33","662.97","21878.01","Online","TRUE"
"1722","2025-10-08","106","15","597.94","8969.1","Direct","TRUE"
"1723","2026-04-05","196","30","1048.46","31453.8","Retail","TRUE"
"1724","2026-08-25","107","13","902.86","11737.18","Online","TRUE"
"1725","2025-11-07","13","29","954.42","27678.18","Retail","FALSE"
"1726","2026-04-22","142","12","414.04","4968.48","Online","TRUE"
"1727","2026-03-03","197","31","513.95","15932.45","Retail","TRUE"
"1728","2025-02-20","55","33","17.95","592.35","Online","TRUE"
"1729","2025-02-18","17","35","580.32","20311.2","Online","TRUE"
"1730","2025-08-23","52","7","398.09","2786.63","Partner","TRUE"
"1731","2026-02-19","149","1","565.65","565.65","Retail","TRUE"
"1732","2026-03-02","17","14","1013.86","14194.04","Partner","TRUE"
"1733","2025-05-27","67","18","446.31","8033.58","Online","TRUE"
"1734","2025-04-30","21","36","25.1","903.6","Online","TRUE"
"1735","2025-07-10","164","21","133.83","2810.43","Online","TRUE"
"1736","2026-08-07","142","9","92.36","831.24","Direct","FALSE"
"1737","2025-07-28","57","21","1074.9","22572.9","Retail","TRUE"
"1738","2026-02-12","14","12","663.53","7962.36","Partner","TRUE"
"1739","2025-12-10","151","8","275.14","2201.12","Retail","TRUE"
"1740","2025-04-05","31","27","847.52","22883.04","Direct","TRUE"
"1741","2026-01-15","108","30","599.56","17986.8","Retail","FALSE"
"1742","2026-01-10","151","3","975.18","2925.54","Direct","TRUE"
"1743","2025-09-22","102","23","1092.97","25138.31","Partner","TRUE"
"1744","2025-09-12","44","37","678.77","25114.49","Retail","FALSE"
"1745","2026-07-05","190","23","915.83","21064.09","Online","TRUE"
"1746","2025-01-03","136","17","271.9","4622.3","Online","FALSE"
"1747","2024-10-14","87","14","799.6","11194.4","Online","TRUE"
"1748","2025-09-29","26","3","894.4","2683.2","Partner","TRUE"
"1749","2026-03-21","87","39","776.73","30292.47","Retail","TRUE"
"1750","2026-03-24","137","34","767.42","26092.28","Retail","FALSE"
"1751","2025-01-03","19","11","73.99","813.89","Retail","TRUE"
"1752","2026-04-13","94","19","288.59","5483.21","Direct","TRUE"
"1753","2026-06-26","102","29","1122.51","32552.79","Direct","TRUE"
"1754","2024-10-11","195","29","412.78","11970.62","Retail","TRUE"
"1755","2026-07-05","123","4","482.49","1929.96","Direct","FALSE"
"1756","2026-06-24","100","23","404.58","9305.34","Direct","TRUE"
"1757","2026-09-10","176","4","777.88","3111.52","Direct","FALSE"
"1758","2025-10-04","57","14","514.48","7202.72","Direct","FALSE"
"1759","2025-01-02","17","4","160.68","642.72","Online","TRUE"
"1760","2025-02-07","7","16","1070.81","17132.96","Direct","TRUE"
"1761","2026-05-19","27","35","370.01","12950.35","Partner","TRUE"
"1762","2026-06-11","13","17","854.73","14530.41","Direct","TRUE"
"1763","2026-01-08","4","22","1042.79","22941.38","Online","TRUE"
"1764","2026-07-08","172","7","76.18","533.26","Partner","FALSE"
"1765","2025-07-06","185","8","1165.22","9321.76","Partner","TRUE"
"1766","2025-09-30","36","27","189.25","5109.75","Direct","TRUE"
"1767","2026-01-31","90","1","83.77","83.77","Retail","TRUE"
"1768","2025-06-05","123","14","75.47","1056.58","Direct","TRUE"
"1769","2026-05-03","120","12","947.18","11366.16","Online","FALSE"
"1770","2025-07-16","99","18","443.99","7991.82","Online","TRUE"
"1771","2025-04-12","46","22","333.4","7334.8","Direct","TRUE"
"1772","2025-03-17","166","11","592.11","6513.21","Retail","FALSE"
"1773","2026-08-08","48","19","32.7","621.3","Online","TRUE"
"1774","2024-12-16","132","1","925.37","925.37","Retail","TRUE"
"1775","2026-05-03","101","8","687.57","5500.56","Partner","TRUE"
"1776","2024-09-14","184","6","965.49","5792.94","Direct","TRUE"
"1777","2025-02-23","148","10","806.25","8062.5","Partner","FALSE"
"1778","2026-09-01","145","33","1194.84","39429.72","Direct","TRUE"
"1779","2025-03-18","41","9","15.45","139.05","Partner","TRUE"
"1780","2026-05-19","35","7","432.86","3030.02","Online","TRUE"
"1781","2026-05-02","134","29","607.05","17604.45","Retail","TRUE"
"1782","2024-12-30","2","16","219.1","3505.6","Retail","TRUE"
"1783","2024-10-05","158","19","641.74","12193.06","Retail","TRUE"
"1784","2025-09-28","2","9","417.78","3760.02","Direct","FALSE"
"1785","2026-06-03","96","31","956.31","29645.61","Direct","TRUE"
"1786","2025-03-15","13","5","953.98","4769.9","Direct","TRUE"
"1787","2025-08-10","62","2","264.54","529.08","Retail","FALSE"
"1788","2026-02-28","2","30","38.08","1142.4","Online","TRUE"
"1789","2026-01-24","50","19","226.5","4303.5","Partner","TRUE"
"1790","2025-10-31","149","35","860.36","30112.6","Partner","TRUE"
"1791","2025-04-06","174","1","448.89","448.89","Retail","FALSE"
"1792","2025-01-28","83","25","1165.76","29144","Retail","TRUE"
"1793","2025-11-12","12","32","310.01","9920.32","Retail","TRUE"
"1794","2025-05-18","83","24","142.51","3420.24","Online","FALSE"
"1795","2025-04-01","75","22","807.2","17758.4","Partner","FALSE"
"1796","2026-05-15","133","12","554.04","6648.48","Direct","FALSE"
"1797","2024-12-14","100","2","1066.83","2133.66","Online","TRUE"
"1798","2025-08-25","166","1","969.74","969.74","Partner","TRUE"
"1799","2025-09-29","25","21","424.34","8911.14","Partner","TRUE"
"1800","2026-06-04","157","12","425.1","5101.2","Partner","TRUE"
"1801","2025-06-22","70","10","1010.24","10102.4","Retail","TRUE"
"1802","2026-05-10","36","32","434.51","13904.32","Online","FALSE"
"1803","2025-01-01","20","32","420.22","13447.04","Partner","TRUE"
"1804","2025-06-02","151","34","288.59","9812.06","Retail","FALSE"
"1805","2025-10-27","74","19","149.47","2839.93","Partner","TRUE"
"1806","2024-11-05","16","9","478.68","4308.12","Retail","TRUE"
"1807","2025-01-13","149","22","35.13","772.86","Online","TRUE"
"1808","2026-08-13","167","35","324.71","11364.85","Online","TRUE"
"1809","2026-07-14","21","13","681.61","8860.93","Retail","TRUE"
"1810","2025-09-16","99","20","113.09","2261.8","Retail","TRUE"
"1811","2025-12-29","79","29","365.23","10591.67","Online","TRUE"
"1812","2025-03-17","18","34","313.83","10670.22","Partner","TRUE"
"1813","2024-09-29","52","21","119.75","2514.75","Direct","TRUE"
"1814","2025-12-06","74","39","849.45","33128.55","Retail","TRUE"
"1815","2025-04-20","63","3","266.11","798.33","Retail","TRUE"
"1816","2025-07-08","111","20","877.1","17542","Direct","TRUE"
"1817","2026-08-12","112","31","994.94","30843.14","Partner","TRUE"
"1818","2025-08-25","82","39","632.32","24660.48","Retail","FALSE"
"1819","2026-01-22","26","5","844.44","4222.2","Online","TRUE"
"1820","2024-12-07","184","4","857.82","3431.28","Partner","TRUE"
"1821","2025-03-09","93","9","338.29","3044.61","Partner","FALSE"
"1822","2026-03-21","67","22","374.28","8234.16","Direct","TRUE"
"1823","2026-03-28","87","4","471.96","1887.84","Retail","TRUE"
"1824","2024-09-30","1","24","438.8","10531.2","Online","TRUE"
"1825","2025-08-14","125","39","1009","39351","Online","FALSE"
"1826","2025-03-17","133","4","818.72","3274.88","Online","TRUE"
"1827","2025-10-03","148","31","420.76","13043.56","Partner","TRUE"
"1828","2026-02-24","136","30","33.36","1000.8","Partner","TRUE"
"1829","2026-03-28","82","36","958.48","34505.28","Direct","TRUE"
"1830","2024-10-18","62","22","143.35","3153.7","Partner","TRUE"
"1831","2026-02-19","125","39","494.54","19287.06","Online","TRUE"
"1832","2025-01-25","27","18","148.19","2667.42","Partner","TRUE"
"1833","2025-04-08","151","19","1171.66","22261.54","Direct","TRUE"
"1834","2026-03-15","157","19","569.85","10827.15","Online","TRUE"
"1835","2025-06-11","37","31","330.51","10245.81","Partner","TRUE"
"1836","2024-10-21","52","32","125.14","4004.48","Direct","TRUE"
"1837","2024-11-15","7","23","683.44","15719.12","Online","FALSE"
"1838","2025-11-16","1","2","293.48","586.96","Retail","TRUE"
"1839","2024-10-25","84","26","229.85","5976.1","Retail","FALSE"
"1840","2026-02-05","133","35","413.23","14463.05","Online","TRUE"
"1841","2026-02-17","7","29","479.81","13914.49","Partner","TRUE"
"1842","2024-12-02","12","39","1047.28","40843.92","Online","TRUE"
"1843","2025-10-11","9","25","42.38","1059.5","Online","TRUE"
"1844","2025-07-15","49","15","814.11","12211.65","Partner","TRUE"
"1845","2024-12-29","47","13","162.74","2115.62","Partner","FALSE"
"1846","2025-02-14","137","3","713.09","2139.27","Online","TRUE"
"1847","2025-04-28","160","17","257.87","4383.79","Online","TRUE"
"1848","2026-05-28","108","7","180.25","1261.75","Direct","TRUE"
"1849","2026-03-23","91","32","444.01","14208.32","Online","FALSE"
"1850","2025-01-21","157","24","973.54","23364.96","Partner","TRUE"
"1851","2025-05-18","74","1","941.52","941.52","Direct","TRUE"
"1852","2025-08-18","28","30","268.8","8064","Direct","TRUE"
"1853","2024-12-30","170","10","523.49","5234.9","Retail","TRUE"
"1854","2025-04-14","47","4","657.52","2630.08","Partner","TRUE"
"1855","2025-02-18","195","16","847.39","13558.24","Retail","TRUE"
"1856","2026-06-11","4","36","743.52","26766.72","Retail","TRUE"
"1857","2025-04-26","59","15","592.46","8886.9","Partner","TRUE"
"1858","2026-06-23","195","18","538.35","9690.3","Partner","TRUE"
"1859","2025-10-11","89","14","140.82","1971.48","Partner","FALSE"
"1860","2025-02-16","150","33","249.72","8240.76","Online","TRUE"
"1861","2024-10-02","21","3","642.79","1928.37","Online","TRUE"
"1862","2026-02-06","38","17","1047.79","17812.43","Partner","TRUE"
"1863","2026-09-04","119","4","231.58","926.32","Partner","FALSE"
"1864","2025-07-14","164","16","189.02","3024.32","Online","TRUE"
"1865","2025-04-18","167","23","1194.01","27462.23","Online","TRUE"
"1866","2025-12-09","123","1","229.2","229.2","Retail","TRUE"
"1867","2025-12-12","187","26","152.83","3973.58","Partner","TRUE"
"1868","2025-01-15","187","29","315.68","9154.72","Online","TRUE"
"1869","2026-06-22","81","7","1087.17","7610.19","Direct","TRUE"
"1870","2024-12-24","199","31","186.05","5767.55","Partner","TRUE"
"1871","2024-11-07","116","18","40.27","724.86","Retail","TRUE"
"1872","2026-08-17","194","25","38.4","960","Direct","TRUE"
"1873","2025-03-10","178","6","353.57","2121.42","Direct","TRUE"
"1874","2024-11-11","150","7","712.47","4987.29","Partner","TRUE"
"1875","2025-05-12","57","28","961.91","26933.48","Retail","TRUE"
"1876","2025-11-25","3","11","36.27","398.97","Direct","TRUE"
"1877","2026-05-23","44","24","865.63","20775.12","Direct","TRUE"
"1878","2026-01-15","154","27","1103.8","29802.6","Direct","TRUE"
"1879","2024-12-15","105","28","1163.23","32570.44","Online","TRUE"
"1880","2025-06-11","84","8","107.36","858.88","Partner","TRUE"
"1881","2025-04-25","65","2","810","1620","Retail","TRUE"
"1882","2024-10-15","133","36","688.85","24798.6","Direct","FALSE"
"1883","2026-02-02","135","26","575.28","14957.28","Direct","FALSE"
"1884","2025-01-15","137","14","556.46","7790.44","Partner","TRUE"
"1885","2025-12-20","152","2","1136.36","2272.72","Direct","TRUE"
"1886","2025-03-26","75","19","342.83","6513.77","Partner","TRUE"
"1887","2026-03-17","121","33","778.42","25687.86","Direct","TRUE"
"1888","2025-10-31","63","13","1159.97","15079.61","Retail","TRUE"
"1889","2025-06-04","118","38","47.28","1796.64","Online","TRUE"
"1890","2026-05-16","165","4","689.16","2756.64","Partner","TRUE"
"1891","2024-12-01","101","35","1071.19","37491.65","Online","TRUE"
"1892","2024-10-04","12","18","181.58","3268.44","Retail","TRUE"
"1893","2025-11-07","101","6","316.97","1901.82","Partner","TRUE"
"1894","2025-08-24","40","18","644.25","11596.5","Direct","TRUE"
"1895","2025-11-06","193","28","834.97","23379.16","Online","TRUE"
"1896","2026-08-29","154","29","336.23","9750.67","Direct","TRUE"
"1897","2026-03-03","87","14","595.91","8342.74","Online","FALSE"
"1898","2024-12-02","200","4","409.02","1636.08","Direct","TRUE"
"1899","2026-04-12","7","19","657.29","12488.51","Retail","FALSE"
"1900","2025-07-27","122","31","868.88","26935.28","Direct","TRUE"
"1901","2025-04-21","29","18","946.43","17035.74","Retail","TRUE"
"1902","2025-07-04","194","37","446.11","16506.07","Retail","TRUE"
"1903","2025-02-28","87","2","618.58","1237.16","Online","TRUE"
"1904","2025-05-30","152","18","409.05","7362.9","Partner","TRUE"
"1905","2024-10-24","7","27","952.6","25720.2","Partner","TRUE"
"1906","2026-07-08","174","15","1091.09","16366.35","Retail","TRUE"
"1907","2025-02-15","72","10","509.54","5095.4","Direct","FALSE"
"1908","2025-08-12","18","23","155.69","3580.87","Direct","TRUE"
"1909","2025-11-18","36","31","36.71","1138.01","Partner","TRUE"
"1910","2025-10-05","143","11","778.91","8568.01","Retail","FALSE"
"1911","2025-05-07","11","36","215.32","7751.52","Partner","TRUE"
"1912","2026-05-20","190","17","852.59","14494.03","Online","TRUE"
"1913","2024-10-31","63","32","859.38","27500.16","Partner","FALSE"
"1914","2026-01-31","95","38","485","18430","Online","TRUE"
"1915","2024-10-01","99","2","59.07","118.14","Retail","FALSE"
"1916","2026-08-03","110","35","1027.2","35952","Direct","TRUE"
"1917","2025-12-22","90","10","929.51","9295.1","Partner","TRUE"
"1918","2025-08-20","106","35","40.83","1429.05","Retail","TRUE"
"1919","2024-12-11","185","16","777.43","12438.88","Direct","TRUE"
"1920","2026-02-13","166","22","573.58","12618.76","Partner","TRUE"
"1921","2026-02-22","109","11","565.43","6219.73","Direct","TRUE"
"1922","2024-12-24","151","2","995.07","1990.14","Direct","TRUE"
"1923","2026-07-18","96","5","1046.55","5232.75","Online","TRUE"
"1924","2024-10-31","160","9","1051.12","9460.08","Partner","TRUE"
"1925","2025-01-31","129","34","553.59","18822.06","Partner","TRUE"
"1926","2025-07-31","71","33","71.94","2374.02","Direct","TRUE"
"1927","2026-04-15","165","30","973.36","29200.8","Partner","TRUE"
"1928","2025-01-24","101","20","1089.6","21792","Direct","TRUE"
"1929","2025-01-05","59","26","447.29","11629.54","Online","TRUE"
"1930","2025-02-26","84","13","131.2","1705.6","Direct","FALSE"
"1931","2026-02-16","130","33","1121.4","37006.2","Partner","FALSE"
"1932","2025-03-07","66","35","214.71","7514.85","Online","TRUE"
"1933","2025-05-17","49","16","318.14","5090.24","Retail","TRUE"
"1934","2025-09-21","182","21","133.55","2804.55","Partner","TRUE"
"1935","2025-06-14","154","1","933.53","933.53","Retail","TRUE"
"1936","2026-05-12","57","20","397.3","7946","Retail","FALSE"
"1937","2025-05-11","129","36","270.37","9733.32","Online","FALSE"
"1938","2025-04-03","187","24","551.5","13236","Direct","FALSE"
"1939","2025-02-13","120","35","690.36","24162.6","Direct","TRUE"
"1940","2025-06-10","129","20","350.79","7015.8","Direct","FALSE"
"1941","2025-05-17","73","33","831.81","27449.73","Online","TRUE"
"1942","2026-01-28","24","11","159.58","1755.38","Online","TRUE"
"1943","2026-08-18","159","15","669.3","10039.5","Retail","FALSE"
"1944","2025-04-07","50","37","66.4","2456.8","Online","TRUE"
"1945","2026-01-18","123","22","19.94","438.68","Retail","TRUE"
"1946","2026-07-11","33","38","608.6","23126.8","Direct","TRUE"
"1947","2024-09-15","198","13","598.34","7778.42","Direct","FALSE"
"1948","2025-07-05","94","3","565.5","1696.5","Retail","FALSE"
"1949","2025-05-05","172","19","295.71","5618.49","Retail","TRUE"
"1950","2025-08-28","137","26","1043.66","27135.16","Direct","TRUE"
"1951","2024-09-27","121","23","963.84","22168.32","Online","TRUE"
"1952","2024-11-19","33","1","932.75","932.75","Partner","TRUE"
"1953","2025-01-10","156","24","78.1","1874.4","Retail","TRUE"
"1954","2026-04-05","81","8","693.65","5549.2","Direct","TRUE"
"1955","2025-10-30","108","8","1198.39","9587.12","Retail","FALSE"
"1956","2025-10-19","157","10","871.16","8711.6","Partner","TRUE"
"1957","2025-05-25","67","15","1198.14","17972.1","Direct","TRUE"
"1958","2026-05-13","169","13","414.89","5393.57","Retail","TRUE"
"1959","2026-02-10","74","24","399.68","9592.32","Partner","FALSE"
"1960","2026-04-24","124","5","189.11","945.55","Partner","TRUE"
"1961","2026-08-31","46","31","66.36","2057.16","Online","FALSE"
"1962","2025-06-02","97","2","113.71","227.42","Online","TRUE"
"1963","2026-02-07","31","13","832.86","10827.18","Retail","TRUE"
"1964","2025-07-08","115","11","29.73","327.03","Partner","TRUE"
"1965","2025-03-07","96","4","243.53","974.12","Retail","FALSE"
"1966","2025-02-03","60","32","642.87","20571.84","Online","FALSE"
"1967","2026-05-26","160","6","414.88","2489.28","Partner","FALSE"
"1968","2025-09-16","155","20","914.54","18290.8","Direct","TRUE"
"1969","2026-01-28","181","9","386.66","3479.94","Direct","TRUE"
"1970","2024-11-02","74","37","393.89","14573.93","Retail","TRUE"
"1971","2026-03-27","26","8","71.94","575.52","Retail","TRUE"
"1972","2026-02-09","171","18","1039.82","18716.76","Partner","TRUE"
"1973","2026-06-28","145","9","779.32","7013.88","Online","TRUE"
"1974","2025-07-05","141","21","172.03","3612.63","Partner","TRUE"
"1975","2025-11-22","181","34","250.95","8532.3","Partner","TRUE"
"1976","2026-06-23","62","11","902.93","9932.23","Retail","TRUE"
"1977","2026-07-27","120","16","253.18","4050.88","Retail","FALSE"
"1978","2026-08-12","155","37","975.81","36104.97","Retail","TRUE"
"1979","2025-01-21","196","7","1027.02","7189.14","Partner","TRUE"
"1980","2024-09-17","59","1","568.29","568.29","Direct","TRUE"
"1981","2025-02-10","169","1","29.01","29.01","Partner","FALSE"
"1982","2025-02-06","153","26","33.49","870.74","Online","FALSE"
"1983","2026-09-10","88","19","986.06","18735.14","Direct","TRUE"
"1984","2024-10-15","12","38","118.49","4502.62","Retail","FALSE"
"1985","2026-07-08","41","11","921.89","10140.79","Partner","TRUE"
"1986","2024-10-29","145","38","456.06","17330.28","Retail","FALSE"
"1987","2025-12-20","61","36","934.27","33633.72","Direct","TRUE"
"1988","2025-08-24","26","32","551.03","17632.96","Retail","TRUE"
"1989","2025-09-23","185","29","50.77","1472.33","Direct","TRUE"
"1990","2025-06-05","52","11","647.52","7122.72","Direct","FALSE"
"1991","2025-10-17","122","8","1058.01","8464.08","Retail","FALSE"
"1992","2025-12-20","21","3","819.57","2458.71","Partner","TRUE"
"1993","2024-12-18","118","10","34.2","342","Direct","TRUE"
"1994","2026-04-09","166","30","314.66","9439.8","Direct","TRUE"
"1995","2025-02-20","195","2","380.6","761.2","Online","TRUE"
"1996","2024-11-19","43","39","386.49","15073.11","Retail","FALSE"
"1997","2026-07-30","62","8","32.25","258","Retail","TRUE"
"1998","2024-10-28","46","20","822.07","16441.4","Online","FALSE"
"1999","2025-09-03","165","2","320.4","640.8","Online","TRUE"
"2000","2025-11-07","42","12","883.68","10604.16","Retail","TRUE"
"2001","2025-10-27","157","28","748.73","20964.44","Online","TRUE"
"2002","2024-12-10","147","34","266.45","9059.3","Partner","TRUE"
"2003","2024-11-21","5","22","476.43","10481.46","Direct","TRUE"
"2004","2025-08-21","113","27","164.95","4453.65","Direct","TRUE"
"2005","2026-04-22","24","13","309.05","4017.65","Online","TRUE"
"2006","2025-04-29","195","26","364.91","9487.66","Retail","TRUE"
"2007","2025-03-02","67","12","620.61","7447.32","Direct","TRUE"
"2008","2025-12-25","152","22","159.72","3513.84","Retail","TRUE"
"2009","2025-09-20","76","3","975.44","2926.32","Online","TRUE"
"2010","2025-06-08","121","24","911.44","21874.56","Partner","TRUE"
"2011","2025-03-11","2","2","615.48","1230.96","Partner","TRUE"
"2012","2025-07-25","144","10","349.13","3491.3","Online","TRUE"
"2013","2025-12-27","81","22","83.04","1826.88","Partner","TRUE"
"2014","2025-01-20","178","31","1163.99","36083.69","Direct","TRUE"
"2015","2026-03-10","144","27","898.07","24247.89","Direct","FALSE"
"2016","2025-04-05","96","36","316.28","11386.08","Partner","TRUE"
"2017","2026-07-01","149","14","598.14","8373.96","Retail","TRUE"
"2018","2025-09-14","93","1","142.86","142.86","Partner","TRUE"
"2019","2026-02-26","9","3","796.79","2390.37","Online","TRUE"
"2020","2025-06-13","177","5","596.49","2982.45","Retail","TRUE"
"2021","2026-04-08","167","10","751.64","7516.4","Direct","FALSE"
"2022","2026-07-29","150","13","269.07","3497.91","Retail","FALSE"
"2023","2025-04-22","180","8","629.42","5035.36","Retail","TRUE"
"2024","2026-08-12","39","19","882.59","16769.21","Online","TRUE"
"2025","2025-08-30","123","30","723.02","21690.6","Partner","TRUE"
"2026","2025-07-07","148","20","983.04","19660.8","Online","TRUE"
"2027","2025-05-24","14","11","889","9779","Retail","FALSE"
"2028","2025-06-24","191","32","1042.68","33365.76","Direct","TRUE"
"2029","2025-09-21","32","34","832.97","28320.98","Retail","TRUE"
"2030","2026-01-17","78","14","732.09","10249.26","Retail","FALSE"
"2031","2026-09-13","156","35","377.55","13214.25","Direct","TRUE"
"2032","2026-04-13","17","10","823.54","8235.4","Online","TRUE"
"2033","2025-03-16","90","35","551.06","19287.1","Online","TRUE"
"2034","2025-05-12","142","4","513.42","2053.68","Retail","TRUE"
"2035","2025-03-28","142","5","838.75","4193.75","Retail","TRUE"
"2036","2026-05-26","191","29","738.87","21427.23","Partner","FALSE"
"2037","2025-11-21","34","28","440.26","12327.28","Direct","TRUE"
"2038","2026-08-12","76","28","923.17","25848.76","Direct","TRUE"
"2039","2025-10-24","92","34","466.36","15856.24","Online","TRUE"
"2040","2025-01-26","70","25","123.34","3083.5","Online","FALSE"
"2041","2026-06-10","151","25","806.63","20165.75","Retail","TRUE"
"2042","2024-10-02","50","35","846.79","29637.65","Retail","TRUE"
"2043","2025-09-27","159","8","95.06","760.48","Direct","TRUE"
"2044","2026-04-30","27","18","948.88","17079.84","Online","FALSE"
"2045","2024-11-10","75","19","824.91","15673.29","Retail","TRUE"
"2046","2025-09-25","121","31","842.77","26125.87","Online","TRUE"
"2047","2024-10-10","85","6","297.14","1782.84","Online","TRUE"
"2048","2025-11-14","135","18","1091.93","19654.74","Retail","TRUE"
"2049","2024-10-23","165","34","598.86","20361.24","Online","TRUE"
"2050","2026-01-26","70","35","312.5","10937.5","Online","TRUE"
"2051","2026-08-16","30","30","487.47","14624.1","Partner","TRUE"
"2052","2026-03-13","181","31","788.21","24434.51","Online","TRUE"
"2053","2026-05-13","123","27","425.73","11494.71","Partner","TRUE"
"2054","2025-09-17","32","38","189.5","7201","Retail","TRUE"
"2055","2026-02-08","129","16","728.54","11656.64","Partner","TRUE"
"2056","2025-12-03","24","10","53.29","532.9","Partner","TRUE"
"2057","2025-06-02","15","34","415.42","14124.28","Online","FALSE"
"2058","2026-03-29","127","36","58.72","2113.92","Online","TRUE"
"2059","2024-11-14","103","2","704.59","1409.18","Online","TRUE"
"2060","2025-12-08","74","3","878.89","2636.67","Direct","FALSE"
"2061","2025-08-02","197","29","371.39","10770.31","Partner","TRUE"
"2062","2026-05-03","70","13","355.58","4622.54","Partner","TRUE"
"2063","2026-07-31","25","38","773.6","29396.8","Partner","TRUE"
"2064","2025-02-18","198","20","642.64","12852.8","Direct","TRUE"
"2065","2025-01-16","150","29","145.44","4217.76","Partner","TRUE"
"2066","2026-08-23","137","15","1091.8","16377","Online","FALSE"
"2067","2026-01-06","100","26","1160.55","30174.3","Retail","TRUE"
"2068","2026-01-25","56","34","1014.04","34477.36","Online","FALSE"
"2069","2025-04-01","109","36","98.51","3546.36","Retail","TRUE"
"2070","2026-03-09","35","31","898.43","27851.33","Online","TRUE"
"2071","2025-04-18","45","35","1086.77","38036.95","Direct","TRUE"
"2072","2025-01-10","167","16","541.43","8662.88","Online","TRUE"
"2073","2024-11-26","183","26","453.19","11782.94","Direct","TRUE"
"2074","2025-06-18","120","17","303.22","5154.74","Retail","TRUE"
"2075","2024-10-25","80","17","808.45","13743.65","Direct","TRUE"
"2076","2024-10-17","22","5","239.97","1199.85","Retail","TRUE"
"2077","2025-07-06","156","34","37.67","1280.78","Direct","TRUE"
"2078","2026-01-26","130","25","127.32","3183","Direct","TRUE"
"2079","2026-04-27","76","23","750.51","17261.73","Direct","TRUE"
"2080","2025-04-30","43","34","402.12","13672.08","Partner","FALSE"
"2081","2025-08-15","43","4","461.16","1844.64","Partner","TRUE"
"2082","2026-04-05","189","32","272.36","8715.52","Online","TRUE"
"2083","2024-09-18","96","36","554.78","19972.08","Partner","TRUE"
"2084","2025-01-23","77","18","1074.7","19344.6","Retail","TRUE"
"2085","2026-01-10","14","18","63","1134","Direct","FALSE"
"2086","2025-08-26","145","3","184.93","554.79","Retail","TRUE"
"2087","2026-07-28","197","12","709.31","8511.72","Partner","TRUE"
"2088","2026-01-14","32","24","980.55","23533.2","Direct","TRUE"
"2089","2026-06-20","139","35","830.67","29073.45","Partner","TRUE"
"2090","2025-05-28","86","25","960.54","24013.5","Retail","FALSE"
"2091","2024-11-12","193","37","123.5","4569.5","Partner","FALSE"
"2092","2025-08-06","131","24","978.69","23488.56","Partner","TRUE"
"2093","2025-03-14","158","24","471.21","11309.04","Direct","FALSE"
"2094","2024-10-11","52","17","122.15","2076.55","Partner","FALSE"
"2095","2025-02-12","91","9","283.45","2551.05","Direct","TRUE"
"2096","2024-11-05","92","2","433.09","866.18","Retail","FALSE"
"2097","2026-07-25","24","28","483.8","13546.4","Direct","TRUE"
"2098","2025-02-20","80","23","691.02","15893.46","Retail","TRUE"
"2099","2026-08-24","158","5","453.3","2266.5","Online","TRUE"
"2100","2025-09-22","8","37","655.18","24241.66","Direct","TRUE"
"2101","2025-04-26","41","34","31.51","1071.34","Online","TRUE"
"2102","2024-09-25","116","7","25.1","175.7","Retail","TRUE"
"2103","2025-08-13","193","4","774.4","3097.6","Online","TRUE"
"2104","2025-12-31","188","29","816.55","23679.95","Direct","FALSE"
"2105","2026-05-07","34","29","844.55","24491.95","Online","TRUE"
"2106","2024-12-31","171","25","1023.69","25592.25","Partner","FALSE"
"2107","2025-03-22","190","11","965.7","10622.7","Retail","TRUE"
"2108","2025-05-14","5","22","59.25","1303.5","Direct","FALSE"
"2109","2026-08-21","89","36","313.33","11279.88","Online","TRUE"
"2110","2025-11-08","93","19","996.58","18935.02","Direct","FALSE"
"2111","2025-04-13","163","24","861.95","20686.8","Retail","TRUE"
"2112","2026-01-28","138","8","963.94","7711.52","Online","TRUE"
"2113","2025-06-19","74","13","483.39","6284.07","Direct","TRUE"
"2114","2025-10-23","132","36","335.23","12068.28","Direct","FALSE"
"2115","2025-09-13","39","27","58.36","1575.72","Direct","FALSE"
"2116","2026-03-10","128","3","524.77","1574.31","Retail","FALSE"
"2117","2025-11-24","56","11","379.87","4178.57","Retail","TRUE"
"2118","2024-12-17","84","8","182.08","1456.64","Partner","TRUE"
"2119","2024-12-17","14","20","329.61","6592.2","Online","TRUE"
"2120","2026-08-18","196","6","459.57","2757.42","Online","TRUE"
"2121","2026-06-30","43","26","931.4","24216.4","Retail","TRUE"
"2122","2026-01-14","137","7","625.66","4379.62","Partner","TRUE"
"2123","2025-12-13","70","14","269.88","3778.32","Direct","TRUE"
"2124","2025-08-02","20","10","396.18","3961.8","Partner","TRUE"
"2125","2026-04-06","44","12","85.84","1030.08","Direct","FALSE"
"2126","2026-05-30","18","14","339.82","4757.48","Retail","TRUE"
"2127","2025-09-17","45","17","715.47","12162.99","Online","TRUE"
"2128","2024-11-20","162","21","372.93","7831.53","Direct","TRUE"
"2129","2026-06-01","6","35","1004.13","35144.55","Direct","TRUE"
"2130","2026-07-24","192","22","185.86","4088.92","Partner","TRUE"
"2131","2025-09-16","100","33","902.09","29768.97","Partner","TRUE"
"2132","2025-02-24","9","29","633.38","18368.02","Direct","TRUE"
"2133","2026-06-24","200","4","1132.67","4530.68","Online","TRUE"
"2134","2024-11-29","39","5","650.48","3252.4","Online","TRUE"
"2135","2025-03-03","39","7","10.85","75.95","Direct","FALSE"
"2136","2025-04-13","172","5","157.8","789","Retail","TRUE"
"2137","2026-08-27","55","33","265.15","8749.95","Online","TRUE"
"2138","2026-03-11","35","20","884.58","17691.6","Retail","TRUE"
"2139","2025-01-23","91","32","1137.41","36397.12","Online","TRUE"
"2140","2025-06-30","55","21","869.99","18269.79","Partner","TRUE"
"2141","2026-07-23","84","25","833.67","20841.75","Direct","TRUE"
"2142","2026-03-06","111","1","637.52","637.52","Partner","FALSE"
"2143","2026-01-23","169","28","1021.36","28598.08","Direct","TRUE"
"2144","2026-08-15","91","20","938.97","18779.4","Online","TRUE"
"2145","2025-11-11","120","30","1100.71","33021.3","Online","TRUE"
"2146","2026-04-09","32","22","395.85","8708.7","Partner","TRUE"
"2147","2026-08-29","190","20","215.19","4303.8","Direct","TRUE"
"2148","2024-12-24","169","16","594.51","9512.16","Direct","TRUE"
"2149","2026-07-12","32","24","976.48","23435.52","Direct","TRUE"
"2150","2025-04-29","111","2","796.28","1592.56","Partner","TRUE"
"2151","2026-01-03","149","21","1041.23","21865.83","Online","TRUE"
"2152","2026-01-12","170","37","765.77","28333.49","Online","TRUE"
"2153","2026-07-24","84","8","582.69","4661.52","Direct","TRUE"
"2154","2025-04-08","53","13","352.15","4577.95","Partner","TRUE"
"2155","2026-03-31","11","12","645.12","7741.44","Partner","TRUE"
"2156","2026-04-29","72","26","728.08","18930.08","Retail","TRUE"
"2157","2025-09-28","159","28","972.84","27239.52","Partner","TRUE"
"2158","2025-06-17","117","13","998.16","12976.08","Retail","FALSE"
"2159","2025-11-20","34","31","1047.57","32474.67","Retail","TRUE"
"2160","2025-12-20","187","9","1192.9","10736.1","Direct","TRUE"
"2161","2024-11-03","104","15","869.99","13049.85","Partner","TRUE"
"2162","2026-06-09","17","12","192.62","2311.44","Partner","TRUE"
"2163","2025-08-10","86","8","1063.77","8510.16","Online","FALSE"
"2164","2025-08-17","102","24","199.1","4778.4","Retail","TRUE"
"2165","2026-01-25","107","16","382.74","6123.84","Direct","FALSE"
"2166","2024-12-12","6","2","757.18","1514.36","Retail","TRUE"
"2167","2025-05-13","169","11","97.6","1073.6","Partner","FALSE"
"2168","2026-04-06","1","1","445.29","445.29","Online","TRUE"
"2169","2025-01-24","5","24","953.04","22872.96","Partner","TRUE"
"2170","2025-04-13","110","18","457.23","8230.14","Retail","TRUE"
"2171","2025-08-02","53","5","16.2","81","Direct","FALSE"
"2172","2026-04-24","172","28","919.27","25739.56","Retail","TRUE"
"2173","2025-09-24","103","18","1091.1","19639.8","Partner","TRUE"
"2174","2025-08-28","56","18","211.72","3810.96","Partner","TRUE"
"2175","2026-07-07","68","18","298.52","5373.36","Direct","FALSE"
"2176","2025-01-15","137","20","765.63","15312.6","Partner","TRUE"
"2177","2025-04-16","51","27","57.24","1545.48","Retail","TRUE"
"2178","2026-01-01","34","11","66.86","735.46","Online","FALSE"
"2179","2024-10-21","114","35","593","20755","Partner","TRUE"
"2180","2025-08-12","116","18","746.71","13440.78","Direct","TRUE"
"2181","2025-09-12","89","27","878.12","23709.24","Retail","FALSE"
"2182","2025-01-05","25","6","208.58","1251.48","Retail","TRUE"
"2183","2024-10-30","139","26","62.23","1617.98","Direct","TRUE"
"2184","2025-12-25","48","20","833.98","16679.6","Retail","FALSE"
"2185","2026-05-21","28","23","1184.6","27245.8","Partner","TRUE"
"2186","2026-08-22","110","29","1013.25","29384.25","Direct","TRUE"
"2187","2026-04-22","90","16","1113.14","17810.24","Online","TRUE"
"2188","2026-07-06","142","35","574.84","20119.4","Direct","TRUE"
"2189","2024-10-20","152","2","12.18","24.36","Partner","TRUE"
"2190","2024-09-19","31","23","899.9","20697.7","Online","TRUE"
"2191","2025-05-08","68","14","550.87","7712.18","Online","FALSE"
"2192","2024-10-05","63","12","645.86","7750.32","Partner","TRUE"
"2193","2026-08-14","193","35","919.81","32193.35","Direct","FALSE"
"2194","2025-04-18","38","36","749.49","26981.64","Partner","FALSE"
"2195","2025-08-08","97","26","732.76","19051.76","Partner","TRUE"
"2196","2025-05-06","66","30","310.7","9321","Online","TRUE"
"2197","2026-06-18","197","25","731.76","18294","Online","TRUE"
"2198","2025-04-06","122","39","720.87","28113.93","Retail","FALSE"
"2199","2026-04-15","85","13","290.52","3776.76","Online","TRUE"
"2200","2025-03-07","172","5","157.6","788","Retail","TRUE"
"2201","2025-10-18","130","23","1083.89","24929.47","Partner","TRUE"
"2202","2024-10-17","138","28","722","20216","Direct","TRUE"
"2203","2026-04-19","138","32","188.29","6025.28","Partner","TRUE"
"2204","2026-05-14","144","18","233.92","4210.56","Retail","FALSE"
"2205","2026-01-05","66","23","182.93","4207.39","Online","TRUE"
"2206","2026-03-22","134","15","934.89","14023.35","Partner","FALSE"
"2207","2025-09-14","47","31","513.59","15921.29","Direct","FALSE"
"2208","2025-05-05","163","37","1115.18","41261.66","Retail","FALSE"
"2209","2025-12-14","189","12","404.52","4854.24","Online","TRUE"
"2210","2024-10-05","152","14","797.09","11159.26","Partner","FALSE"
"2211","2025-02-08","85","36","257.22","9259.92","Online","FALSE"
"2212","2025-09-16","2","31","30.3","939.3","Direct","FALSE"
"2213","2026-06-24","103","11","849.14","9340.54","Retail","FALSE"
"2214","2024-12-24","120","30","542.2","16266","Retail","TRUE"
"2215","2026-01-25","165","3","278.35","835.05","Partner","TRUE"
"2216","2026-02-14","37","19","246.68","4686.92","Direct","TRUE"
"2217","2025-10-14","169","28","631.41","17679.48","Online","TRUE"
"2218","2025-09-09","140","17","517.33","8794.61","Online","TRUE"
"2219","2024-10-06","49","34","698.64","23753.76","Retail","TRUE"
"2220","2024-12-04","6","2","905.41","1810.82","Direct","TRUE"
"2221","2026-01-20","132","25","106.47","2661.75","Retail","TRUE"
"2222","2026-05-31","114","21","899.89","18897.69","Direct","TRUE"
"2223","2026-06-13","67","23","1172.02","26956.46","Online","FALSE"
"2224","2025-12-21","94","6","863.18","5179.08","Direct","TRUE"
"2225","2025-10-09","165","6","285.63","1713.78","Partner","TRUE"
"2226","2025-11-30","128","10","1138.52","11385.2","Online","FALSE"
"2227","2026-02-15","101","31","592.8","18376.8","Retail","TRUE"
"2228","2025-07-20","68","16","552.16","8834.56","Retail","TRUE"
"2229","2024-09-29","151","4","388.02","1552.08","Online","TRUE"
"2230","2025-07-04","60","36","187.32","6743.52","Retail","TRUE"
"2231","2026-04-16","185","37","779.48","28840.76","Direct","FALSE"
"2232","2026-02-26","133","22","521.57","11474.54","Online","TRUE"
"2233","2025-04-09","133","12","851.26","10215.12","Partner","FALSE"
"2234","2025-07-24","148","26","398.05","10349.3","Retail","TRUE"
"2235","2025-06-09","26","31","1146.22","35532.82","Retail","FALSE"
"2236","2025-06-22","70","32","845.77","27064.64","Online","TRUE"
"2237","2025-01-28","24","36","384.84","13854.24","Retail","TRUE"
"2238","2026-09-09","141","38","262.07","9958.66","Direct","TRUE"
"2239","2025-04-22","198","32","785.31","25129.92","Direct","TRUE"
"2240","2025-01-22","55","26","1045.98","27195.48","Retail","FALSE"
"2241","2024-09-29","170","19","27.72","526.68","Direct","TRUE"
"2242","2026-03-19","135","13","108.89","1415.57","Direct","TRUE"
"2243","2025-05-26","40","8","898.35","7186.8","Direct","TRUE"
"2244","2026-01-23","129","27","1129.53","30497.31","Direct","TRUE"
"2245","2026-07-09","94","22","914.49","20118.78","Online","TRUE"
"2246","2026-07-16","27","14","903.49","12648.86","Direct","FALSE"
"2247","2025-05-10","126","28","245.4","6871.2","Online","TRUE"
"2248","2026-02-20","158","34","144.39","4909.26","Partner","TRUE"
"2249","2026-03-21","44","23","825.47","18985.81","Direct","TRUE"
"2250","2026-04-09","45","2","276.38","552.76","Partner","TRUE"
"2251","2025-03-31","172","1","799.45","799.45","Direct","TRUE"
"2252","2025-10-21","196","16","970.88","15534.08","Direct","TRUE"
"2253","2026-07-10","93","9","1182.26","10640.34","Direct","TRUE"
"2254","2026-01-21","94","23","155.95","3586.85","Partner","FALSE"
"2255","2025-06-03","34","28","191.88","5372.64","Direct","TRUE"
"2256","2025-10-24","59","37","662.47","24511.39","Retail","FALSE"
"2257","2025-11-30","34","26","1007.21","26187.46","Partner","TRUE"
"2258","2025-12-16","114","22","685.48","15080.56","Partner","FALSE"
"2259","2026-02-21","4","2","858.27","1716.54","Online","TRUE"
"2260","2025-11-25","84","17","577.23","9812.91","Direct","TRUE"
"2261","2025-06-26","96","30","306.53","9195.9","Partner","FALSE"
"2262","2025-11-24","37","37","203.94","7545.78","Online","TRUE"
"2263","2025-02-19","32","2","441.65","883.3","Retail","TRUE"
"2264","2026-02-03","119","6","724.67","4348.02","Direct","TRUE"
"2265","2025-11-11","27","37","330.28","12220.36","Retail","TRUE"
"2266","2024-10-04","73","18","92.35","1662.3","Online","FALSE"
"2267","2025-01-01","69","11","949.45","10443.95","Direct","FALSE"
"2268","2025-01-09","49","4","622.85","2491.4","Retail","TRUE"
"2269","2026-07-17","120","15","182.96","2744.4","Direct","TRUE"
"2270","2025-09-27","46","34","680.99","23153.66","Partner","TRUE"
"2271","2026-06-29","121","38","1173.3","44585.4","Direct","TRUE"
"2272","2026-04-02","20","22","574.34","12635.48","Direct","TRUE"
"2273","2026-03-14","37","38","369.64","14046.32","Partner","TRUE"
"2274","2025-01-15","112","7","475.5","3328.5","Direct","FALSE"
"2275","2025-03-28","83","28","694.55","19447.4","Retail","TRUE"
"2276","2025-03-16","38","31","229.16","7103.96","Direct","TRUE"
"2277","2025-11-28","105","31","1074.36","33305.16","Partner","TRUE"
"2278","2025-08-03","174","3","556.88","1670.64","Direct","TRUE"
"2279","2026-01-22","108","24","1072.69","25744.56","Retail","FALSE"
"2280","2026-06-16","70","21","1129.12","23711.52","Online","TRUE"
"2281","2026-06-10","53","14","730.95","10233.3","Retail","TRUE"
"2282","2024-11-21","7","26","540.65","14056.9","Partner","TRUE"
"2283","2024-12-17","162","3","1078.38","3235.14","Direct","TRUE"
"2284","2024-11-05","27","25","563.51","14087.75","Retail","FALSE"
"2285","2026-02-27","39","30","813.69","24410.7","Direct","TRUE"
"2286","2026-08-20","84","21","1064.07","22345.47","Direct","FALSE"
"2287","2025-12-30","185","18","1160.87","20895.66","Partner","TRUE"
"2288","2025-05-10","43","25","731.44","18286","Direct","TRUE"
"2289","2025-10-25","35","33","640.22","21127.26","Partner","TRUE"
"2290","2024-12-07","111","8","763.56","6108.48","Partner","TRUE"
"2291","2026-06-05","61","24","419.27","10062.48","Retail","TRUE"
"2292","2024-10-11","101","20","672.23","13444.6","Online","TRUE"
"2293","2025-02-11","22","18","907.59","16336.62","Direct","TRUE"
"2294","2025-01-06","131","37","344.96","12763.52","Retail","TRUE"
"2295","2025-03-05","60","1","889.52","889.52","Retail","TRUE"
"2296","2025-06-02","21","17","1103.03","18751.51","Direct","TRUE"
"2297","2025-11-18","55","23","518.18","11918.14","Online","TRUE"
"2298","2025-03-22","99","21","333.88","7011.48","Retail","TRUE"
"2299","2025-04-14","158","2","494.18","988.36","Online","TRUE"
"2300","2026-07-29","64","30","535.42","16062.6","Online","FALSE"
"2301","2025-01-18","196","32","994.55","31825.6","Retail","TRUE"
"2302","2026-08-20","29","16","624.23","9987.68","Retail","FALSE"
"2303","2025-01-03","134","15","722.05","10830.75","Retail","FALSE"
"2304","2025-02-12","141","8","1094.67","8757.36","Direct","FALSE"
"2305","2025-05-05","15","10","1092.3","10923","Direct","TRUE"
"2306","2025-02-10","9","37","353.39","13075.43","Partner","TRUE"
"2307","2024-10-02","153","39","144.43","5632.77","Online","TRUE"
"2308","2026-01-06","33","2","727.3","1454.6","Direct","TRUE"
"2309","2024-09-28","181","8","1168.26","9346.08","Retail","FALSE"
"2310","2026-01-20","126","12","1113.72","13364.64","Direct","TRUE"
"2311","2025-01-30","139","16","680.34","10885.44","Online","TRUE"
"2312","2026-07-12","17","37","45.87","1697.19","Partner","FALSE"
"2313","2026-05-26","137","19","396.98","7542.62","Retail","TRUE"
"2314","2026-07-13","1","8","464.96","3719.68","Direct","TRUE"
"2315","2025-05-13","47","31","704.41","21836.71","Direct","TRUE"
"2316","2026-04-11","14","29","289.52","8396.08","Direct","FALSE"
"2317","2025-03-02","58","13","147.38","1915.94","Partner","TRUE"
"2318","2026-04-13","187","23","926.77","21315.71","Partner","TRUE"
"2319","2026-09-04","26","29","262.7","7618.3","Online","TRUE"
"2320","2025-11-08","77","29","18.17","526.93","Partner","TRUE"
"2321","2024-11-17","62","21","1016.49","21346.29","Retail","TRUE"
"2322","2025-12-14","193","17","126.1","2143.7","Online","TRUE"
"2323","2025-01-06","104","5","245.85","1229.25","Online","TRUE"
"2324","2025-05-08","114","3","119.68","359.04","Online","TRUE"
"2325","2025-10-17","186","23","68.8","1582.4","Partner","TRUE"
"2326","2025-06-11","161","20","43.81","876.2","Online","TRUE"
"2327","2026-08-10","197","30","1128.83","33864.9","Direct","TRUE"
"2328","2025-05-19","133","7","430.23","3011.61","Online","TRUE"
"2329","2025-05-05","103","14","998.24","13975.36","Online","TRUE"
"2330","2026-08-23","69","9","1097.3","9875.7","Partner","TRUE"
"2331","2025-12-14","51","5","1149.32","5746.6","Retail","FALSE"
"2332","2024-12-25","98","23","305.76","7032.48","Direct","TRUE"
"2333","2025-05-23","195","3","139.57","418.71","Retail","TRUE"
"2334","2025-04-10","85","16","560.4","8966.4","Direct","TRUE"
"2335","2026-01-29","17","5","250.77","1253.85","Retail","TRUE"
"2336","2026-08-06","193","28","959.88","26876.64","Partner","TRUE"
"2337","2025-07-22","48","22","1151.53","25333.66","Partner","TRUE"
"2338","2025-07-16","85","36","796.71","28681.56","Retail","FALSE"
"2339","2026-04-04","132","1","706.1","706.1","Online","TRUE"
"2340","2026-04-03","49","20","617.73","12354.6","Online","FALSE"
"2341","2024-12-07","43","38","1017.65","38670.7","Direct","FALSE"
"2342","2026-06-12","110","33","123.96","4090.68","Direct","TRUE"
"2343","2025-06-09","5","20","758.2","15164","Online","TRUE"
"2344","2026-04-05","196","8","135.38","1083.04","Retail","TRUE"
"2345","2025-10-12","131","8","470.38","3763.04","Direct","TRUE"
"2346","2024-09-23","29","15","117.82","1767.3","Retail","TRUE"
"2347","2025-05-12","31","15","956.33","14344.95","Partner","TRUE"
"2348","2026-03-06","81","27","569.09","15365.43","Online","TRUE"
"2349","2025-01-26","90","25","578.2","14455","Online","TRUE"
"2350","2026-02-23","75","23","598.51","13765.73","Partner","TRUE"
"2351","2026-02-21","138","35","318.9","11161.5","Retail","TRUE"
"2352","2025-01-19","172","16","88.84","1421.44","Direct","TRUE"
"2353","2024-11-19","159","24","120.62","2894.88","Retail","TRUE"
"2354","2026-09-08","75","25","412.42","10310.5","Partner","TRUE"
"2355","2025-05-03","59","32","798.61","25555.52","Partner","TRUE"
"2356","2025-11-24","183","37","941.46","34834.02","Partner","TRUE"
"2357","2026-07-08","72","34","488.46","16607.64","Online","TRUE"
"2358","2025-06-17","64","37","971.14","35932.18","Retail","TRUE"
"2359","2024-10-06","49","31","470.65","14590.15","Retail","TRUE"
"2360","2025-02-13","183","14","1113.99","15595.86","Retail","FALSE"
"2361","2024-12-05","150","30","528.54","15856.2","Online","FALSE"
"2362","2025-01-25","159","11","1093.78","12031.58","Partner","TRUE"
"2363","2026-05-26","183","19","1138.48","21631.12","Partner","TRUE"
"2364","2026-04-30","13","14","1187.85","16629.9","Online","TRUE"
"2365","2025-12-15","55","3","785.1","2355.3","Retail","TRUE"
"2366","2026-07-04","71","22","797.16","17537.52","Retail","TRUE"
"2367","2026-01-11","5","33","885.11","29208.63","Retail","TRUE"
"2368","2026-05-14","119","18","11.88","213.84","Direct","FALSE"
"2369","2025-07-16","96","29","1106.48","32087.92","Retail","TRUE"
"2370","2025-07-21","73","4","821.28","3285.12","Direct","TRUE"
"2371","2025-11-08","91","6","690.87","4145.22","Direct","TRUE"
"2372","2026-01-30","84","2","984.79","1969.58","Online","FALSE"
"2373","2025-10-03","184","23","229.43","5276.89","Retail","TRUE"
"2374","2025-02-20","43","22","403.42","8875.24","Direct","TRUE"
"2375","2024-12-08","22","35","838.38","29343.3","Online","TRUE"
"2376","2025-12-22","149","30","170.5","5115","Direct","TRUE"
"2377","2026-04-29","82","6","745.32","4471.92","Online","TRUE"
"2378","2024-11-07","148","34","1187.73","40382.82","Retail","TRUE"
"2379","2025-09-16","65","6","864.67","5188.02","Partner","TRUE"
"2380","2025-08-22","197","17","123.07","2092.19","Retail","TRUE"
"2381","2025-11-13","168","3","384.46","1153.38","Online","TRUE"
"2382","2025-01-07","69","16","574.81","9196.96","Retail","TRUE"
"2383","2026-04-25","157","6","852.81","5116.86","Online","TRUE"
"2384","2025-12-12","22","27","395.53","10679.31","Retail","TRUE"
"2385","2026-08-07","120","20","491.61","9832.2","Direct","TRUE"
"2386","2025-11-15","94","33","792.29","26145.57","Partner","FALSE"
"2387","2025-10-30","172","7","331.92","2323.44","Retail","TRUE"
"2388","2025-04-17","112","33","881.77","29098.41","Direct","TRUE"
"2389","2025-08-20","52","25","100.91","2522.75","Direct","FALSE"
"2390","2026-08-21","16","19","350.45","6658.55","Direct","TRUE"
"2391","2025-01-10","60","18","870.99","15677.82","Partner","TRUE"
"2392","2025-04-17","199","3","652.28","1956.84","Partner","TRUE"
"2393","2026-02-02","68","21","418.39","8786.19","Online","TRUE"
"2394","2026-01-15","113","14","668.09","9353.26","Retail","TRUE"
"2395","2026-06-05","40","38","672.1","25539.8","Retail","FALSE"
"2396","2026-04-09","151","3","604.57","1813.71","Partner","TRUE"
"2397","2025-11-12","31","26","807.05","20983.3","Partner","FALSE"
"2398","2026-06-18","142","21","56.2","1180.2","Online","TRUE"
"2399","2025-02-11","131","3","902.52","2707.56","Direct","TRUE"
"2400","2026-03-06","81","11","274.02","3014.22","Retail","TRUE"
"2401","2026-07-21","73","3","145.29","435.87","Direct","TRUE"
"2402","2026-05-31","138","17","1194.27","20302.59","Online","FALSE"
"2403","2025-02-19","31","32","465.23","14887.36","Direct","FALSE"
"2404","2025-07-27","61","16","1197.32","19157.12","Direct","TRUE"
"2405","2026-05-21","93","16","122.28","1956.48","Retail","TRUE"
"2406","2026-08-02","167","30","1011.91","30357.3","Retail","TRUE"
"2407","2025-01-21","11","36","653.08","23510.88","Online","FALSE"
"2408","2025-10-24","30","13","994.3","12925.9","Retail","TRUE"
"2409","2025-09-09","198","17","282.93","4809.81","Retail","TRUE"
"2410","2024-10-19","38","39","816.6","31847.4","Direct","TRUE"
"2411","2025-09-21","180","26","839.73","21832.98","Retail","TRUE"
"2412","2025-12-28","113","28","1112.61","31153.08","Online","TRUE"
"2413","2026-02-13","89","1","1038.21","1038.21","Partner","TRUE"
"2414","2025-03-25","164","18","310.26","5584.68","Direct","TRUE"
"2415","2025-04-07","87","14","890.02","12460.28","Retail","TRUE"
"2416","2025-01-21","19","15","1038.18","15572.7","Partner","FALSE"
"2417","2025-03-01","88","22","739.16","16261.52","Retail","TRUE"
"2418","2025-11-26","107","38","776.38","29502.44","Partner","TRUE"
"2419","2026-05-03","101","36","861.69","31020.84","Partner","TRUE"
"2420","2026-02-13","99","13","381.48","4959.24","Retail","TRUE"
"2421","2026-02-18","160","31","242.42","7515.02","Partner","TRUE"
"2422","2024-09-15","77","17","948.56","16125.52","Online","TRUE"
"2423","2026-04-14","153","26","212.78","5532.28","Partner","FALSE"
"2424","2024-10-22","35","1","1156.95","1156.95","Direct","TRUE"
"2425","2026-06-06","42","34","1055.37","35882.58","Retail","TRUE"
"2426","2026-07-04","185","30","187.78","5633.4","Partner","FALSE"
"2427","2026-07-30","182","33","895.41","29548.53","Online","TRUE"
"2428","2025-06-06","194","3","360.92","1082.76","Retail","TRUE"
"2429","2026-08-06","22","6","243","1458","Retail","TRUE"
"2430","2026-04-12","65","2","521.09","1042.18","Partner","TRUE"
"2431","2025-08-20","162","3","656.68","1970.04","Online","TRUE"
"2432","2026-04-07","150","20","110.74","2214.8","Online","TRUE"
"2433","2025-01-19","3","16","288.69","4619.04","Direct","FALSE"
"2434","2025-12-05","49","23","1171.42","26942.66","Retail","TRUE"
"2435","2026-03-07","12","29","296.76","8606.04","Partner","TRUE"
"2436","2026-01-21","147","39","649.25","25320.75","Retail","TRUE"
"2437","2025-11-06","188","24","694.04","16656.96","Retail","TRUE"
"2438","2025-03-22","171","38","1191.26","45267.88","Online","TRUE"
"2439","2026-04-25","127","2","1104.54","2209.08","Partner","TRUE"
"2440","2025-07-19","128","18","579.1","10423.8","Retail","TRUE"
"2441","2026-09-08","110","38","82.21","3123.98","Direct","FALSE"
"2442","2025-12-23","189","21","723.28","15188.88","Partner","TRUE"
"2443","2025-07-14","191","21","294","6174","Retail","TRUE"
"2444","2025-12-02","118","22","180.96","3981.12","Online","TRUE"
"2445","2024-12-06","156","17","1059.19","18006.23","Retail","TRUE"
"2446","2026-05-13","49","7","166.79","1167.53","Partner","TRUE"
"2447","2025-06-16","70","2","378.8","757.6","Direct","TRUE"
"2448","2025-03-14","149","38","137.87","5239.06","Direct","TRUE"
"2449","2025-08-21","153","35","585.76","20501.6","Retail","TRUE"
"2450","2025-05-27","56","28","411.14","11511.92","Retail","TRUE"
"2451","2026-07-02","145","11","854.22","9396.42","Partner","FALSE"
"2452","2025-09-25","155","11","764.27","8406.97","Direct","TRUE"
"2453","2025-06-02","132","5","70.35","351.75","Direct","FALSE"
"2454","2025-02-17","186","21","61.94","1300.74","Online","TRUE"
"2455","2025-03-26","118","11","657.56","7233.16","Direct","TRUE"
"2456","2026-06-10","55","17","497.82","8462.94","Retail","TRUE"
"2457","2026-05-13","11","21","52.72","1107.12","Retail","TRUE"
"2458","2026-03-13","96","25","755.53","18888.25","Retail","FALSE"
"2459","2024-12-20","186","16","273.38","4374.08","Direct","TRUE"
"2460","2026-02-10","40","19","651.89","12385.91","Online","TRUE"
"2461","2026-08-04","130","10","684.5","6845","Partner","TRUE"
"2462","2024-12-19","61","15","816.81","12252.15","Retail","TRUE"
"2463","2026-02-17","71","39","194.07","7568.73","Partner","TRUE"
"2464","2026-05-06","66","14","1012.4","14173.6","Online","FALSE"
"2465","2026-05-04","20","13","887.3","11534.9","Online","TRUE"
"2466","2026-06-07","84","6","522.31","3133.86","Direct","TRUE"
"2467","2026-05-09","131","35","1046.69","36634.15","Partner","TRUE"
"2468","2025-11-15","114","29","142.74","4139.46","Retail","TRUE"
"2469","2024-12-04","190","25","1055.1","26377.5","Partner","FALSE"
"2470","2025-08-18","180","20","800.84","16016.8","Direct","TRUE"
"2471","2026-03-04","112","17","1154.95","19634.15","Partner","TRUE"
"2472","2026-01-25","21","39","396.46","15461.94","Partner","TRUE"
"2473","2025-10-07","47","7","960.66","6724.62","Online","TRUE"
"2474","2025-06-01","82","39","625.73","24403.47","Partner","TRUE"
"2475","2025-03-05","97","28","1055.51","29554.28","Partner","TRUE"
"2476","2024-12-18","53","14","538.21","7534.94","Retail","TRUE"
"2477","2025-11-18","186","23","579.29","13323.67","Retail","TRUE"
"2478","2026-08-01","34","26","587.79","15282.54","Retail","FALSE"
"2479","2025-12-29","165","35","705.23","24683.05","Retail","TRUE"
"2480","2025-08-24","117","29","444.26","12883.54","Retail","FALSE"
"2481","2026-02-08","168","35","940.92","32932.2","Online","TRUE"
"2482","2026-05-06","121","38","611.61","23241.18","Online","TRUE"
"2483","2025-10-05","94","11","762.79","8390.69","Retail","FALSE"
"2484","2025-12-06","169","31","947.87","29383.97","Retail","TRUE"
"2485","2025-04-02","154","13","1078.86","14025.18","Direct","TRUE"
"2486","2025-06-01","162","20","753.77","15075.4","Online","TRUE"
"2487","2026-06-15","38","9","829.66","7466.94","Online","FALSE"
"2488","2025-08-31","63","8","305.18","2441.44","Online","TRUE"
"2489","2025-03-05","138","8","1096.32","8770.56","Direct","TRUE"
"2490","2026-03-13","102","30","280.21","8406.3","Online","TRUE"
"2491","2024-10-16","59","22","1125.67","24764.74","Partner","FALSE"
"2492","2025-08-31","87","26","182.38","4741.88","Partner","FALSE"
"2493","2026-09-07","50","16","652.24","10435.84","Partner","FALSE"
"2494","2025-10-22","153","10","1017.28","10172.8","Partner","TRUE"
"2495","2025-02-03","58","13","395.94","5147.22","Online","TRUE"
"2496","2025-05-24","33","25","1029.47","25736.75","Partner","TRUE"
"2497","2024-10-27","63","35","209.77","7341.95","Direct","TRUE"
"2498","2026-07-23","56","13","909.42","11822.46","Online","FALSE"
"2499","2026-05-03","56","39","623.94","24333.66","Partner","TRUE"
"2500","2025-05-15","162","12","747.7","8972.4","Online","TRUE"
"2501","2026-08-14","119","2","294.29","588.58","Online","TRUE"
"2502","2026-07-06","34","12","351.78","4221.36","Online","FALSE"
"2503","2026-01-02","120","1","1185.93","1185.93","Online","TRUE"
"2504","2025-09-12","79","12","878.19","10538.28","Direct","TRUE"
"2505","2026-02-28","2","2","315.38","630.76","Partner","TRUE"
"2506","2025-12-19","83","36","517.25","18621","Partner","TRUE"
"2507","2025-02-09","172","22","710.52","15631.44","Direct","TRUE"
"2508","2025-01-02","104","25","610.45","15261.25","Online","TRUE"
"2509","2024-12-08","13","28","475.75","13321","Online","TRUE"
"2510","2026-04-22","80","1","394.24","394.24","Retail","TRUE"
"2511","2025-06-12","65","31","852.92","26440.52","Online","TRUE"
"2512","2024-11-13","81","28","832.6","23312.8","Online","TRUE"
"2513","2025-01-08","72","39","1059.3","41312.7","Partner","TRUE"
"2514","2025-06-05","77","31","815.74","25287.94","Partner","TRUE"
"2515","2025-03-08","101","15","655.34","9830.1","Partner","TRUE"
"2516","2025-05-06","112","36","75.15","2705.4","Partner","TRUE"
"2517","2026-03-13","114","36","83.33","2999.88","Retail","TRUE"
"2518","2024-10-06","136","31","749.23","23226.13","Partner","TRUE"
"2519","2025-11-09","41","25","604.26","15106.5","Retail","TRUE"
"2520","2025-11-11","161","4","583.49","2333.96","Retail","TRUE"
"2521","2025-03-11","55","39","97.12","3787.68","Direct","FALSE"
"2522","2025-03-04","188","15","702.41","10536.15","Direct","FALSE"
"2523","2025-03-19","39","7","1199.58","8397.06","Direct","TRUE"
"2524","2026-05-09","180","7","204.08","1428.56","Partner","TRUE"
"2525","2025-08-18","109","19","334.19","6349.61","Direct","TRUE"
"2526","2025-03-16","34","37","769.33","28465.21","Online","TRUE"
"2527","2026-05-12","193","14","971.59","13602.26","Retail","FALSE"
"2528","2026-06-30","185","3","916.03","2748.09","Retail","TRUE"
"2529","2026-06-29","195","39","544.64","21240.96","Partner","TRUE"
"2530","2026-03-31","67","24","771.2","18508.8","Partner","TRUE"
"2531","2026-08-07","90","31","724.5","22459.5","Online","TRUE"
"2532","2024-11-10","43","12","479.39","5752.68","Partner","TRUE"
"2533","2025-09-19","31","7","408.03","2856.21","Direct","TRUE"
"2534","2025-05-14","143","25","69.14","1728.5","Online","FALSE"
"2535","2024-11-26","106","9","617.71","5559.39","Online","TRUE"
"2536","2025-05-19","161","2","1025.65","2051.3","Partner","TRUE"
"2537","2025-09-22","181","4","247.53","990.12","Retail","TRUE"
"2538","2025-11-07","48","34","265.81","9037.54","Direct","FALSE"
"2539","2025-05-24","68","10","74.87","748.7","Online","TRUE"
"2540","2024-10-15","160","30","83.78","2513.4","Partner","TRUE"
"2541","2025-05-11","143","19","45.57","865.83","Online","TRUE"
"2542","2025-05-21","146","13","650.96","8462.48","Partner","FALSE"
"2543","2025-05-05","152","9","163.54","1471.86","Retail","TRUE"
"2544","2026-03-11","104","25","473.13","11828.25","Retail","TRUE"
"2545","2026-02-24","190","30","796.89","23906.7","Partner","TRUE"
"2546","2026-08-15","99","36","80.68","2904.48","Retail","FALSE"
"2547","2025-11-09","51","39","1054.09","41109.51","Retail","TRUE"
"2548","2026-04-04","168","21","1082.96","22742.16","Retail","TRUE"
"2549","2026-07-02","82","17","14.5","246.5","Online","TRUE"
"2550","2026-04-11","181","32","323.6","10355.2","Partner","TRUE"
"2551","2025-03-20","168","17","685.71","11657.07","Retail","TRUE"
"2552","2024-11-11","64","27","527.26","14236.02","Retail","TRUE"
"2553","2025-05-07","158","1","1097.14","1097.14","Direct","TRUE"
"2554","2025-12-25","45","17","764.55","12997.35","Direct","FALSE"
"2555","2026-03-10","90","23","135.59","3118.57","Partner","TRUE"
"2556","2025-02-18","155","3","586.44","1759.32","Direct","TRUE"
"2557","2025-09-14","189","20","341.67","6833.4","Online","TRUE"
"2558","2026-05-05","141","11","750.15","8251.65","Partner","TRUE"
"2559","2025-02-05","125","3","894.39","2683.17","Direct","TRUE"
"2560","2025-05-24","72","24","155.22","3725.28","Online","TRUE"
"2561","2026-07-28","64","31","847.76","26280.56","Retail","TRUE"
"2562","2026-01-26","194","12","1154.11","13849.32","Online","TRUE"
"2563","2025-04-06","47","32","761.74","24375.68","Retail","TRUE"
"2564","2024-09-30","161","11","564.48","6209.28","Direct","TRUE"
"2565","2026-04-26","47","5","360.56","1802.8","Online","TRUE"
"2566","2025-08-31","98","10","948.18","9481.8","Online","FALSE"
"2567","2025-06-27","159","23","730.42","16799.66","Retail","TRUE"
"2568","2024-12-10","148","27","242.4","6544.8","Online","TRUE"
"2569","2025-06-17","51","12","624.67","7496.04","Partner","TRUE"
"2570","2025-10-09","194","27","738.51","19939.77","Partner","TRUE"
"2571","2026-08-08","49","34","1034.77","35182.18","Online","TRUE"
"2572","2025-04-17","124","21","534.35","11221.35","Retail","TRUE"
"2573","2026-02-05","33","13","497.17","6463.21","Direct","FALSE"
"2574","2025-08-21","86","32","576.57","18450.24","Retail","TRUE"
"2575","2024-12-23","147","30","408.67","12260.1","Retail","TRUE"
"2576","2026-03-26","183","9","1090.44","9813.96","Online","FALSE"
"2577","2026-06-01","130","14","256.98","3597.72","Direct","TRUE"
"2578","2025-04-06","11","34","741.45","25209.3","Retail","TRUE"
"2579","2026-05-07","146","28","24.43","684.04","Online","TRUE"
"2580","2026-02-16","167","24","137.31","3295.44","Retail","FALSE"
"2581","2024-12-20","13","12","111.25","1335","Partner","FALSE"
"2582","2025-05-29","142","12","301.28","3615.36","Direct","TRUE"
"2583","2024-09-14","108","22","1121.07","24663.54","Partner","TRUE"
"2584","2025-10-19","123","14","281.08","3935.12","Retail","TRUE"
"2585","2024-10-31","138","34","990.67","33682.78","Direct","TRUE"
"2586","2025-11-07","99","8","589.22","4713.76","Direct","TRUE"
"2587","2026-08-16","15","37","70.84","2621.08","Online","TRUE"
"2588","2025-09-10","100","14","882.55","12355.7","Partner","TRUE"
"2589","2025-08-18","56","21","142.67","2996.07","Retail","TRUE"
"2590","2024-12-19","47","5","120.7","603.5","Online","FALSE"
"2591","2026-09-05","9","13","463.33","6023.29","Partner","FALSE"
"2592","2025-04-07","32","27","1024.67","27666.09","Online","TRUE"
"2593","2026-04-21","87","20","478.16","9563.2","Retail","TRUE"
"2594","2026-03-14","43","5","543.51","2717.55","Partner","TRUE"
"2595","2024-12-10","187","14","596.69","8353.66","Partner","TRUE"
"2596","2026-02-21","161","17","1113.56","18930.52","Partner","TRUE"
"2597","2026-06-23","165","21","534.43","11223.03","Retail","FALSE"
"2598","2025-07-07","179","26","791.9","20589.4","Retail","TRUE"
"2599","2026-04-11","171","1","256.5","256.5","Partner","TRUE"
"2600","2025-03-15","185","37","730.25","27019.25","Retail","TRUE"
"2601","2025-01-09","112","23","36.29","834.67","Retail","TRUE"
"2602","2025-07-03","199","14","98.02","1372.28","Direct","TRUE"
"2603","2025-03-01","159","19","512.34","9734.46","Direct","FALSE"
"2604","2026-03-17","100","14","751.11","10515.54","Partner","TRUE"
"2605","2025-05-22","198","2","769","1538","Partner","TRUE"
"2606","2026-06-22","195","26","1156.38","30065.88","Direct","TRUE"
"2607","2026-01-07","45","33","708.59","23383.47","Partner","FALSE"
"2608","2025-10-08","8","38","859.31","32653.78","Retail","TRUE"
"2609","2026-06-28","89","3","406.34","1219.02","Retail","TRUE"
"2610","2025-08-09","7","37","449.88","16645.56","Partner","TRUE"
"2611","2025-06-23","30","29","1089.2","31586.8","Online","TRUE"
"2612","2026-01-29","79","6","951.42","5708.52","Direct","FALSE"
"2613","2026-03-16","197","39","313.89","12241.71","Partner","FALSE"
"2614","2026-03-10","115","29","1097.14","31817.06","Direct","FALSE"
"2615","2025-03-11","191","35","469.91","16446.85","Online","TRUE"
"2616","2024-09-16","136","3","195.07","585.21","Direct","TRUE"
"2617","2025-06-14","107","31","135.67","4205.77","Online","TRUE"
"2618","2025-07-18","110","15","98.86","1482.9","Retail","TRUE"
"2619","2025-09-11","33","10","15.32","153.2","Online","TRUE"
"2620","2025-08-15","113","19","679.45","12909.55","Partner","TRUE"
"2621","2024-09-14","55","11","709.84","7808.24","Direct","TRUE"
"2622","2025-06-23","19","1","828.96","828.96","Direct","TRUE"
"2623","2026-01-18","185","4","619.78","2479.12","Direct","TRUE"
"2624","2025-09-13","89","20","913.4","18268","Partner","TRUE"
"2625","2025-06-08","193","16","1082.4","17318.4","Online","TRUE"
"2626","2025-05-09","150","29","769.99","22329.71","Partner","TRUE"
"2627","2025-08-06","150","31","220.31","6829.61","Online","TRUE"
"2628","2025-03-31","107","29","15.99","463.71","Partner","TRUE"
"2629","2026-03-23","101","10","1161.73","11617.3","Direct","TRUE"
"2630","2025-10-16","151","22","845.14","18593.08","Retail","FALSE"
"2631","2025-11-07","195","38","1165.36","44283.68","Online","FALSE"
"2632","2026-09-03","41","17","124.09","2109.53","Retail","TRUE"
"2633","2026-03-04","151","27","309.82","8365.14","Retail","FALSE"
"2634","2026-04-01","189","38","779.71","29628.98","Direct","FALSE"
"2635","2026-05-11","177","37","973.82","36031.34","Direct","TRUE"
"2636","2025-03-21","121","25","1074.22","26855.5","Direct","TRUE"
"2637","2025-10-01","18","35","1177.97","41228.95","Direct","TRUE"
"2638","2024-12-14","4","19","824.8","15671.2","Retail","FALSE"
"2639","2026-01-17","197","39","130.31","5082.09","Online","TRUE"
"2640","2024-10-21","39","21","1188.71","24962.91","Direct","TRUE"
"2641","2025-10-05","104","1","47.5","47.5","Retail","TRUE"
"2642","2025-05-31","160","10","119.75","1197.5","Partner","TRUE"
"2643","2025-03-03","37","14","616.24","8627.36","Retail","FALSE"
"2644","2026-05-26","132","20","650.05","13001","Retail","TRUE"
"2645","2025-06-19","146","22","365.27","8035.94","Direct","TRUE"
"2646","2025-04-17","183","18","956.65","17219.7","Direct","TRUE"
"2647","2025-05-04","12","20","1065.13","21302.6","Retail","TRUE"
"2648","2026-05-28","67","20","142.36","2847.2","Retail","TRUE"
"2649","2026-03-20","146","31","598.21","18544.51","Online","TRUE"
"2650","2026-03-20","95","21","1090.3","22896.3","Online","TRUE"
"2651","2025-07-04","59","10","603.62","6036.2","Online","FALSE"
"2652","2024-11-29","169","4","528.13","2112.52","Retail","TRUE"
"2653","2024-12-29","172","21","61.52","1291.92","Retail","TRUE"
"2654","2026-07-24","6","7","1170.49","8193.43","Retail","TRUE"
"2655","2026-02-27","196","37","956.14","35377.18","Retail","TRUE"
"2656","2025-07-24","163","8","17.82","142.56","Partner","TRUE"
"2657","2025-06-02","102","8","552.53","4420.24","Online","FALSE"
"2658","2025-07-07","102","38","374.98","14249.24","Partner","TRUE"
"2659","2025-04-08","121","22","694.42","15277.24","Retail","TRUE"
"2660","2026-09-08","76","13","760.57","9887.41","Partner","TRUE"
"2661","2026-02-05","98","29","64.78","1878.62","Direct","TRUE"
"2662","2025-04-15","149","9","522.73","4704.57","Online","TRUE"
"2663","2025-01-21","51","2","1037.71","2075.42","Partner","FALSE"
"2664","2026-02-27","98","4","447.66","1790.64","Direct","TRUE"
"2665","2024-11-06","80","27","858.9","23190.3","Online","FALSE"
"2666","2025-12-31","77","3","876.66","2629.98","Direct","TRUE"
"2667","2025-04-02","156","30","911.6","27348","Online","FALSE"
"2668","2026-05-24","179","37","1022.63","37837.31","Online","FALSE"
"2669","2025-12-08","42","20","745.03","14900.6","Online","FALSE"
"2670","2025-04-10","27","36","105.06","3782.16","Online","FALSE"
"2671","2025-05-31","133","19","208.94","3969.86","Partner","TRUE"
"2672","2026-03-02","97","20","862.94","17258.8","Partner","FALSE"
"2673","2025-05-23","141","19","887.8","16868.2","Online","TRUE"
"2674","2026-03-07","46","2","36.61","73.22","Partner","TRUE"
"2675","2025-07-21","171","38","869.01","33022.38","Retail","TRUE"
"2676","2026-08-02","136","3","992.21","2976.63","Retail","TRUE"
"2677","2024-10-13","192","22","852.69","18759.18","Partner","TRUE"
"2678","2026-07-25","171","2","605.37","1210.74","Partner","TRUE"
"2679","2025-03-24","50","32","1015.4","32492.8","Online","TRUE"
"2680","2026-06-13","41","36","323.63","11650.68","Online","TRUE"
"2681","2026-08-18","181","24","950.8","22819.2","Direct","TRUE"
"2682","2026-02-27","89","39","893.71","34854.69","Partner","FALSE"
"2683","2025-11-01","74","25","925.58","23139.5","Direct","TRUE"
"2684","2025-12-16","165","34","915.4","31123.6","Partner","TRUE"
"2685","2026-07-12","50","37","392.61","14526.57","Retail","TRUE"
"2686","2025-08-08","51","22","711.64","15656.08","Retail","TRUE"
"2687","2026-04-20","135","31","447.22","13863.82","Online","TRUE"
"2688","2025-06-25","147","13","1009","13117","Retail","TRUE"
"2689","2025-09-08","47","21","1005.61","21117.81","Partner","TRUE"
"2690","2025-02-08","126","9","282.11","2538.99","Partner","TRUE"
"2691","2026-04-10","42","35","605.9","21206.5","Online","FALSE"
"2692","2024-09-20","54","30","184.42","5532.6","Retail","TRUE"
"2693","2024-10-03","63","23","376.68","8663.64","Retail","FALSE"
"2694","2026-02-02","139","14","1152.57","16135.98","Online","TRUE"
"2695","2025-10-08","121","37","514.21","19025.77","Retail","TRUE"
"2696","2025-03-07","132","35","48.25","1688.75","Online","TRUE"
"2697","2025-02-05","103","26","423.18","11002.68","Online","TRUE"
"2698","2026-04-11","31","33","1009.6","33316.8","Partner","TRUE"
"2699","2024-09-25","111","34","534.22","18163.48","Direct","FALSE"
"2700","2026-09-05","7","35","537.52","18813.2","Partner","TRUE"
"2701","2026-01-21","139","4","72.53","290.12","Retail","TRUE"
"2702","2026-06-03","83","38","643.82","24465.16","Direct","FALSE"
"2703","2026-03-22","59","21","922.56","19373.76","Direct","TRUE"
"2704","2026-09-05","157","13","557.64","7249.32","Retail","TRUE"
"2705","2025-02-04","35","34","591.25","20102.5","Online","TRUE"
"2706","2025-08-21","40","33","463.11","15282.63","Retail","TRUE"
"2707","2024-10-05","188","3","606.02","1818.06","Direct","TRUE"
"2708","2025-03-07","46","21","1079.02","22659.42","Direct","TRUE"
"2709","2025-07-25","135","26","1027.91","26725.66","Direct","TRUE"
"2710","2024-09-17","181","21","692.16","14535.36","Direct","FALSE"
"2711","2026-01-22","60","39","1102.92","43013.88","Partner","TRUE"
"2712","2025-06-14","10","14","588.41","8237.74","Retail","TRUE"
"2713","2026-07-12","94","17","157.78","2682.26","Partner","TRUE"
"2714","2024-10-02","57","24","716.39","17193.36","Retail","FALSE"
"2715","2024-09-29","87","30","650.5","19515","Retail","TRUE"
"2716","2026-09-04","174","11","259.94","2859.34","Online","TRUE"
"2717","2026-03-18","199","26","823.39","21408.14","Partner","TRUE"
"2718","2025-12-18","136","27","983.81","26562.87","Retail","TRUE"
"2719","2025-07-27","165","10","1177.13","11771.3","Online","TRUE"
"2720","2025-01-05","33","16","990.48","15847.68","Direct","FALSE"
"2721","2025-01-01","39","29","530.37","15380.73","Retail","TRUE"
"2722","2024-12-30","35","26","572.38","14881.88","Retail","TRUE"
"2723","2025-08-08","25","31","534.23","16561.13","Direct","TRUE"
"2724","2025-06-10","151","13","373.59","4856.67","Direct","TRUE"
"2725","2026-03-06","109","5","198.73","993.65","Online","FALSE"
"2726","2025-09-13","167","26","683.81","17779.06","Retail","TRUE"
"2727","2025-11-24","72","10","973.67","9736.7","Partner","TRUE"
"2728","2026-06-29","122","18","801.59","14428.62","Retail","TRUE"
"2729","2025-10-27","197","28","790.97","22147.16","Retail","TRUE"
"2730","2025-05-04","84","37","725.24","26833.88","Direct","TRUE"
"2731","2026-07-20","121","8","106.24","849.92","Online","TRUE"
"2732","2025-05-12","109","29","959.79","27833.91","Partner","FALSE"
"2733","2024-12-16","116","20","311.6","6232","Online","TRUE"
"2734","2026-04-06","140","35","609.46","21331.1","Online","TRUE"
"2735","2026-07-08","195","18","876.57","15778.26","Retail","FALSE"
"2736","2026-02-27","184","30","396.53","11895.9","Retail","TRUE"
"2737","2026-02-03","75","28","43.3","1212.4","Retail","TRUE"
"2738","2025-09-04","99","2","977.45","1954.9","Online","TRUE"
"2739","2026-08-26","92","35","690.28","24159.8","Direct","FALSE"
"2740","2024-12-16","98","8","584.56","4676.48","Direct","TRUE"
"2741","2025-01-21","1","19","1073.01","20387.19","Partner","TRUE"
"2742","2024-12-21","110","31","702.58","21779.98","Partner","TRUE"
"2743","2024-11-11","149","15","1108.63","16629.45","Partner","TRUE"
"2744","2026-03-16","58","17","224.51","3816.67","Partner","FALSE"
"2745","2025-12-02","141","33","469.56","15495.48","Partner","TRUE"
"2746","2024-10-05","169","33","1063.12","35082.96","Partner","TRUE"
"2747","2025-03-23","196","8","843.68","6749.44","Partner","TRUE"
"2748","2024-12-06","69","2","458.52","917.04","Direct","TRUE"
"2749","2025-08-15","90","1","949.27","949.27","Partner","FALSE"
"2750","2025-02-09","105","37","45.93","1699.41","Partner","FALSE"
"2751","2024-10-15","15","30","324.88","9746.4","Online","TRUE"
"2752","2026-03-17","94","35","400.16","14005.6","Online","TRUE"
"2753","2026-09-11","69","27","122.63","3311.01","Partner","TRUE"
"2754","2025-01-22","13","10","658.69","6586.9","Retail","TRUE"
"2755","2025-03-14","79","14","1139.66","15955.24","Partner","FALSE"
"2756","2024-11-27","150","16","481.19","7699.04","Direct","FALSE"
"2757","2026-03-11","38","24","290.72","6977.28","Direct","TRUE"
"2758","2026-06-16","36","29","1151.95","33406.55","Partner","TRUE"
"2759","2026-03-22","36","1","421.53","421.53","Direct","TRUE"
"2760","2025-11-03","161","37","1084.63","40131.31","Direct","FALSE"
"2761","2026-08-23","80","27","715.39","19315.53","Partner","TRUE"
"2762","2026-06-25","4","13","960.16","12482.08","Direct","FALSE"
"2763","2025-07-13","30","16","740.16","11842.56","Direct","TRUE"
"2764","2024-10-29","85","35","725.4","25389","Partner","TRUE"
"2765","2025-12-10","181","3","1140.78","3422.34","Retail","FALSE"
"2766","2024-11-17","76","11","218.62","2404.82","Partner","TRUE"
"2767","2026-04-02","107","28","996.14","27891.92","Partner","TRUE"
"2768","2025-03-12","27","4","532.16","2128.64","Retail","TRUE"
"2769","2025-08-14","105","20","501.7","10034","Partner","TRUE"
"2770","2025-03-30","195","13","184.26","2395.38","Partner","TRUE"
"2771","2026-08-03","162","31","357.7","11088.7","Online","TRUE"
"2772","2026-04-30","107","25","1190.87","29771.75","Online","TRUE"
"2773","2026-02-26","146","39","289.74","11299.86","Online","TRUE"
"2774","2026-01-05","118","19","1028.07","19533.33","Partner","FALSE"
"2775","2024-11-10","176","12","978.45","11741.4","Online","TRUE"
"2776","2025-01-01","60","27","686.54","18536.58","Online","TRUE"
"2777","2025-02-06","92","15","95.58","1433.7","Direct","FALSE"
"2778","2025-08-26","133","4","974.17","3896.68","Online","TRUE"
"2779","2025-01-06","150","9","572.77","5154.93","Retail","TRUE"
"2780","2026-02-03","140","13","1188.2","15446.6","Partner","TRUE"
"2781","2026-05-14","106","17","208.54","3545.18","Online","FALSE"
"2782","2026-04-04","34","27","1119.43","30224.61","Direct","TRUE"
"2783","2024-10-29","185","23","666.9","15338.7","Partner","TRUE"
"2784","2026-03-05","121","17","513.01","8721.17","Retail","TRUE"
"2785","2026-04-20","102","1","198.78","198.78","Direct","TRUE"
"2786","2026-02-03","153","9","145.84","1312.56","Retail","TRUE"
"2787","2025-10-11","36","29","520.09","15082.61","Retail","TRUE"
"2788","2024-11-11","145","17","940.76","15992.92","Retail","TRUE"
"2789","2025-05-12","183","26","1089.33","28322.58","Online","TRUE"
"2790","2025-12-24","56","13","585.14","7606.82","Partner","FALSE"
"2791","2026-02-26","43","22","1023.4","22514.8","Partner","TRUE"
"2792","2025-03-02","17","2","22.68","45.36","Partner","TRUE"
"2793","2024-10-21","102","34","393.58","13381.72","Direct","FALSE"
"2794","2025-08-13","39","2","763.96","1527.92","Online","FALSE"
"2795","2026-06-29","110","30","1006.3","30189","Direct","FALSE"
"2796","2025-04-12","179","20","1187.22","23744.4","Retail","TRUE"
"2797","2024-11-18","79","34","1138.2","38698.8","Retail","TRUE"
"2798","2024-10-30","6","29","652.16","18912.64","Partner","TRUE"
"2799","2026-02-07","155","32","910.23","29127.36","Online","TRUE"
"2800","2025-06-25","74","1","1097.85","1097.85","Direct","TRUE"
"2801","2024-12-25","186","27","643.7","17379.9","Retail","TRUE"
"2802","2025-12-23","41","38","287.62","10929.56","Online","FALSE"
"2803","2026-07-26","99","9","556.34","5007.06","Partner","FALSE"
"2804","2025-08-28","23","16","855.61","13689.76","Online","TRUE"
"2805","2024-10-03","118","38","243.18","9240.84","Partner","TRUE"
"2806","2025-10-11","26","1","203.82","203.82","Partner","TRUE"
"2807","2025-09-07","157","10","1012.42","10124.2","Retail","TRUE"
"2808","2026-02-11","178","8","308.32","2466.56","Retail","TRUE"
"2809","2025-06-01","14","29","65.64","1903.56","Retail","TRUE"
"2810","2025-11-06","133","24","290.32","6967.68","Online","TRUE"
"2811","2025-05-20","13","14","88.29","1236.06","Direct","TRUE"
"2812","2024-12-03","115","16","416.09","6657.44","Online","TRUE"
"2813","2024-09-23","54","38","217.68","8271.84","Direct","TRUE"
"2814","2024-12-13","83","13","797.72","10370.36","Retail","TRUE"
"2815","2026-01-09","29","31","1043.06","32334.86","Partner","TRUE"
"2816","2026-04-18","67","23","702.56","16158.88","Direct","TRUE"
"2817","2024-12-10","9","20","403.44","8068.8","Online","TRUE"
"2818","2025-05-04","101","17","509.05","8653.85","Retail","TRUE"
"2819","2026-02-09","67","1","289.9","289.9","Retail","TRUE"
"2820","2026-02-09","19","37","187.43","6934.91","Retail","TRUE"
"2821","2025-04-25","169","32","962.93","30813.76","Partner","TRUE"
"2822","2026-02-11","49","19","575.32","10931.08","Retail","TRUE"
"2823","2026-09-03","97","7","149.1","1043.7","Partner","FALSE"
"2824","2026-05-25","37","15","727.56","10913.4","Retail","TRUE"
"2825","2025-05-19","98","3","289.57","868.71","Direct","TRUE"
"2826","2024-10-02","147","32","335.83","10746.56","Partner","TRUE"
"2827","2026-09-09","176","16","744.52","11912.32","Direct","TRUE"
"2828","2025-11-29","18","19","830.15","15772.85","Retail","TRUE"
"2829","2025-01-05","76","9","695.61","6260.49","Direct","TRUE"
"2830","2024-09-18","41","7","1187.07","8309.49","Retail","TRUE"
"2831","2025-01-17","67","24","820.82","19699.68","Direct","TRUE"
"2832","2025-11-13","89","2","1046.82","2093.64","Direct","FALSE"
"2833","2025-04-17","190","22","1030.8","22677.6","Direct","TRUE"
"2834","2026-04-21","178","28","299.76","8393.28","Partner","FALSE"
"2835","2026-07-30","142","13","761.54","9900.02","Retail","TRUE"
"2836","2025-08-02","12","25","190.97","4774.25","Online","TRUE"
"2837","2025-02-25","25","19","495.35","9411.65","Partner","TRUE"
"2838","2026-05-21","136","23","400.57","9213.11","Retail","TRUE"
"2839","2025-05-22","124","10","1158.96","11589.6","Online","TRUE"
"2840","2025-09-02","55","21","465.07","9766.47","Online","TRUE"
"2841","2025-03-10","192","34","999.28","33975.52","Retail","TRUE"
"2842","2026-07-18","152","4","378.7","1514.8","Partner","TRUE"
"2843","2025-05-11","151","28","749.55","20987.4","Retail","TRUE"
"2844","2025-10-27","7","37","537.42","19884.54","Retail","FALSE"
"2845","2025-12-12","186","36","1029.06","37046.16","Partner","TRUE"
"2846","2025-08-29","197","25","824.41","20610.25","Online","TRUE"
"2847","2026-04-11","154","6","957.36","5744.16","Partner","TRUE"
"2848","2024-09-29","54","38","1143.7","43460.6","Retail","TRUE"
"2849","2026-08-11","86","34","1107.1","37641.4","Partner","TRUE"
"2850","2026-05-02","63","22","247.52","5445.44","Retail","TRUE"
"2851","2025-07-03","78","10","519.02","5190.2","Online","TRUE"
"2852","2024-11-18","16","30","108.88","3266.4","Retail","TRUE"
"2853","2026-02-01","7","35","488.93","17112.55","Online","TRUE"
"2854","2026-02-15","47","27","721.51","19480.77","Retail","TRUE"
"2855","2026-02-13","72","15","109.46","1641.9","Online","TRUE"
"2856","2025-03-07","31","15","392.83","5892.45","Direct","FALSE"
"2857","2024-09-14","103","15","1070.69","16060.35","Direct","TRUE"
"2858","2026-07-02","156","39","873.68","34073.52","Direct","FALSE"
"2859","2025-03-24","174","13","613.56","7976.28","Partner","TRUE"
"2860","2025-03-16","61","8","202.53","1620.24","Retail","FALSE"
"2861","2025-10-06","31","8","1060.65","8485.2","Online","TRUE"
"2862","2025-08-16","112","34","422.91","14378.94","Retail","TRUE"
"2863","2025-08-17","125","18","945.44","17017.92","Retail","FALSE"
"2864","2025-03-21","104","38","789.61","30005.18","Direct","FALSE"
"2865","2024-09-20","196","5","773.24","3866.2","Direct","TRUE"
"2866","2024-12-21","133","9","753.74","6783.66","Retail","TRUE"
"2867","2025-04-14","14","1","158.08","158.08","Partner","FALSE"
"2868","2025-05-06","159","12","82.15","985.8","Retail","TRUE"
"2869","2024-10-20","119","38","195.78","7439.64","Online","TRUE"
"2870","2025-11-08","93","12","65.29","783.48","Online","TRUE"
"2871","2025-03-28","16","34","324.4","11029.6","Direct","TRUE"
"2872","2025-03-31","122","8","15.81","126.48","Retail","TRUE"
"2873","2025-02-28","6","3","138.67","416.01","Online","TRUE"
"2874","2025-01-16","73","38","772.88","29369.44","Online","TRUE"
"2875","2024-12-06","92","26","436.08","11338.08","Retail","TRUE"
"2876","2024-12-07","54","27","213.09","5753.43","Partner","TRUE"
"2877","2025-08-15","163","36","206.04","7417.44","Partner","TRUE"
"2878","2026-08-17","16","30","521.5","15645","Retail","TRUE"
"2879","2025-04-06","159","22","233.63","5139.86","Partner","TRUE"
"2880","2026-07-21","25","2","49.52","99.04","Direct","TRUE"
"2881","2025-07-14","11","39","668.51","26071.89","Online","TRUE"
"2882","2024-12-29","47","16","396.58","6345.28","Retail","TRUE"
"2883","2026-01-15","21","13","522.19","6788.47","Direct","TRUE"
"2884","2026-07-08","186","20","995.96","19919.2","Retail","TRUE"
"2885","2025-07-26","60","25","1088.4","27210","Direct","FALSE"
"2886","2025-04-04","187","21","669.4","14057.4","Online","TRUE"
"2887","2026-02-10","72","36","110.41","3974.76","Partner","TRUE"
"2888","2025-02-02","32","28","675.91","18925.48","Retail","TRUE"
"2889","2025-11-17","27","17","938.73","15958.41","Online","TRUE"
"2890","2025-05-24","171","5","1110.75","5553.75","Partner","FALSE"
"2891","2025-04-07","123","18","1115.82","20084.76","Online","TRUE"
"2892","2025-06-21","100","25","727.5","18187.5","Partner","TRUE"
"2893","2025-02-23","75","6","657.33","3943.98","Direct","TRUE"
"2894","2024-10-10","114","21","723.74","15198.54","Partner","TRUE"
"2895","2026-01-02","78","3","1131.62","3394.86","Direct","TRUE"
"2896","2024-09-23","184","38","306.84","11659.92","Retail","TRUE"
"2897","2025-12-13","158","5","1112.98","5564.9","Online","TRUE"
"2898","2026-08-30","71","33","39.58","1306.14","Retail","FALSE"
"2899","2026-01-25","19","16","232","3712","Retail","TRUE"
"2900","2025-07-17","86","30","147.41","4422.3","Partner","TRUE"
"2901","2025-01-05","164","29","1083.66","31426.14","Direct","FALSE"
"2902","2026-05-19","154","7","1052.31","7366.17","Partner","FALSE"
"2903","2025-09-17","57","30","1166.84","35005.2","Partner","TRUE"
"2904","2025-04-16","93","24","43.97","1055.28","Direct","FALSE"
"2905","2025-11-26","189","11","396.27","4358.97","Partner","TRUE"
"2906","2025-02-04","83","21","469.7","9863.7","Direct","TRUE"
"2907","2025-06-07","106","34","332.83","11316.22","Direct","TRUE"
"2908","2024-12-14","73","11","824.72","9071.92","Partner","TRUE"
"2909","2025-03-19","11","8","568.35","4546.8","Partner","TRUE"
"2910","2025-05-02","116","16","266.48","4263.68","Partner","TRUE"
"2911","2025-05-07","118","27","644.56","17403.12","Direct","FALSE"
"2912","2026-04-11","167","10","303.01","3030.1","Online","TRUE"
"2913","2024-10-22","12","10","1187.16","11871.6","Partner","TRUE"
"2914","2024-11-01","104","17","793.89","13496.13","Retail","TRUE"
"2915","2024-12-14","194","16","94.72","1515.52","Retail","TRUE"
"2916","2026-08-11","118","13","811.67","10551.71","Direct","TRUE"
"2917","2025-09-13","150","30","191.32","5739.6","Direct","TRUE"
"2918","2025-04-17","158","12","577","6924","Partner","TRUE"
"2919","2025-01-07","41","39","894.49","34885.11","Direct","TRUE"
"2920","2026-08-11","39","32","1067.23","34151.36","Retail","TRUE"
"2921","2024-10-06","109","28","795.9","22285.2","Partner","TRUE"
"2922","2026-06-26","110","19","812.73","15441.87","Direct","FALSE"
"2923","2025-01-05","148","36","980.42","35295.12","Online","TRUE"
"2924","2026-07-24","149","29","513.84","14901.36","Retail","FALSE"
"2925","2025-12-09","167","4","238.43","953.72","Retail","TRUE"
"2926","2025-07-07","15","38","677.26","25735.88","Direct","TRUE"
"2927","2025-03-09","158","21","1138.99","23918.79","Retail","TRUE"
"2928","2026-03-03","162","26","200.15","5203.9","Online","TRUE"
"2929","2026-03-17","113","21","955.99","20075.79","Retail","FALSE"
"2930","2025-08-03","107","21","536.08","11257.68","Online","TRUE"
"2931","2026-03-17","195","20","110.57","2211.4","Online","TRUE"
"2932","2025-09-20","84","16","329.39","5270.24","Direct","TRUE"
"2933","2024-12-14","147","9","522.57","4703.13","Online","TRUE"
"2934","2024-12-26","65","29","306.92","8900.68","Partner","TRUE"
"2935","2026-03-12","69","1","80.23","80.23","Retail","TRUE"
"2936","2026-08-29","21","30","222.23","6666.9","Retail","TRUE"
"2937","2025-11-22","130","31","466.01","14446.31","Retail","TRUE"
"2938","2025-07-27","182","20","291.05","5821","Retail","TRUE"
"2939","2026-01-23","96","13","780.51","10146.63","Direct","TRUE"
"2940","2026-03-17","45","9","43.16","388.44","Partner","TRUE"
"2941","2025-05-12","136","22","91.01","2002.22","Retail","TRUE"
"2942","2024-12-10","7","3","368","1104","Direct","FALSE"
"2943","2026-06-23","65","18","758.54","13653.72","Direct","TRUE"
"2944","2025-07-02","101","15","831.84","12477.6","Online","TRUE"
"2945","2025-07-02","174","9","1121.42","10092.78","Direct","FALSE"
"2946","2024-11-21","65","20","906.54","18130.8","Online","TRUE"
"2947","2026-02-07","192","17","982.85","16708.45","Online","FALSE"
"2948","2025-03-22","147","3","113.07","339.21","Partner","TRUE"
"2949","2026-02-27","14","26","269.14","6997.64","Partner","TRUE"
"2950","2024-09-28","43","28","508.27","14231.56","Retail","TRUE"
"2951","2024-09-14","17","14","1178.97","16505.58","Retail","TRUE"
"2952","2026-09-13","113","30","750.05","22501.5","Online","TRUE"
"2953","2026-04-10","14","18","927.39","16693.02","Retail","TRUE"
"2954","2025-04-09","72","22","411.63","9055.86","Partner","TRUE"
"2955","2026-07-18","154","16","476.5","7624","Online","TRUE"
"2956","2026-04-09","61","33","943.57","31137.81","Direct","FALSE"
"2957","2024-12-27","48","12","1114.23","13370.76","Partner","FALSE"
"2958","2025-02-16","160","17","698.76","11878.92","Partner","TRUE"
"2959","2024-10-31","195","12","379.09","4549.08","Partner","TRUE"
"2960","2025-05-28","20","28","415.04","11621.12","Retail","FALSE"
"2961","2025-01-22","7","28","254.04","7113.12","Partner","TRUE"
"2962","2025-11-07","77","38","967.74","36774.12","Partner","TRUE"
"2963","2026-04-05","6","25","1170.75","29268.75","Partner","TRUE"
"2964","2025-01-29","191","4","919.81","3679.24","Direct","TRUE"
"2965","2025-02-20","148","37","315.86","11686.82","Direct","FALSE"
"2966","2026-05-08","99","32","465.67","14901.44","Direct","FALSE"
"2967","2026-01-26","108","30","926.13","27783.9","Partner","TRUE"
"2968","2025-04-12","32","20","465.85","9317","Direct","FALSE"
"2969","2025-10-29","146","12","1161.3","13935.6","Direct","TRUE"
"2970","2025-04-30","161","25","72.11","1802.75","Retail","TRUE"
"2971","2025-07-03","53","4","651.98","2607.92","Retail","TRUE"
"2972","2026-05-30","137","6","111.99","671.94","Direct","TRUE"
"2973","2026-09-10","20","4","726.36","2905.44","Online","TRUE"
"2974","2026-05-06","55","12","1124.83","13497.96","Direct","TRUE"
"2975","2025-07-22","81","36","589.25","21213","Partner","TRUE"
"2976","2025-01-23","65","6","860.41","5162.46","Retail","TRUE"
"2977","2025-01-04","149","16","480.17","7682.72","Direct","TRUE"
"2978","2024-10-24","117","12","1178.1","14137.2","Partner","FALSE"
"2979","2026-08-24","89","10","163.53","1635.3","Direct","TRUE"
"2980","2025-03-16","117","11","514.32","5657.52","Partner","TRUE"
"2981","2024-10-27","16","13","1061.47","13799.11","Retail","TRUE"
"2982","2025-12-20","135","2","1072.46","2144.92","Online","TRUE"
"2983","2024-11-25","8","12","297.93","3575.16","Retail","TRUE"
"2984","2025-07-18","110","10","154.19","1541.9","Direct","TRUE"
"2985","2024-10-26","56","4","219.22","876.88","Retail","FALSE"
"2986","2026-05-19","164","11","1020.1","11221.1","Partner","TRUE"
"2987","2026-06-23","22","21","448.91","9427.11","Partner","TRUE"
"2988","2025-10-19","81","11","402.09","4422.99","Retail","TRUE"
"2989","2025-05-20","89","23","811.61","18667.03","Online","FALSE"
"2990","2025-08-19","30","30","854.1","25623","Direct","TRUE"
"2991","2024-11-08","67","3","276.46","829.38","Retail","FALSE"
"2992","2026-01-14","96","5","370.34","1851.7","Online","TRUE"
"2993","2024-12-20","136","28","226.2","6333.6","Direct","FALSE"
"2994","2025-03-13","86","13","774.42","10067.46","Partner","TRUE"
"2995","2026-02-22","111","6","264.96","1589.76","Online","TRUE"
"2996","2024-09-26","133","34","1036.2","35230.8","Partner","TRUE"
"2997","2026-03-11","160","32","894.24","28615.68","Online","TRUE"
"2998","2025-12-20","40","5","449.94","2249.7","Online","FALSE"
"2999","2025-03-14","124","38","236.16","8974.08","Retail","TRUE"
"3000","2025-12-24","16","31","869.11","26942.41","Retail","TRUE"
"3001","2024-10-31","183","1","1090.4","1090.4","Online","TRUE"
"3002","2026-03-12","156","14","1191.92","16686.88","Direct","TRUE"
"3003","2025-08-02","147","38","1106.68","42053.84","Retail","TRUE"
"3004","2025-12-26","153","26","538.75","14007.5","Direct","TRUE"
"3005","2025-02-03","75","24","960.1","23042.4","Partner","TRUE"
"3006","2026-06-21","95","37","33.85","1252.45","Direct","TRUE"
"3007","2025-07-10","109","8","589.86","4718.88","Online","TRUE"
"3008","2025-02-17","81","22","685.87","15089.14","Online","TRUE"
"3009","2026-08-16","96","8","130","1040","Direct","FALSE"
"3010","2026-09-06","101","1","793.61","793.61","Online","TRUE"
"3011","2025-09-28","149","24","1156.61","27758.64","Online","TRUE"
"3012","2025-05-25","111","39","81.67","3185.13","Direct","TRUE"
"3013","2025-08-19","5","14","1015.5","14217","Direct","TRUE"
"3014","2026-07-16","157","18","1033.41","18601.38","Partner","TRUE"
"3015","2025-08-06","103","39","465.38","18149.82","Online","TRUE"
"3016","2025-12-29","30","21","1044.98","21944.58","Retail","TRUE"
"3017","2025-05-17","62","37","608.96","22531.52","Direct","TRUE"
"3018","2026-02-25","113","3","1097.87","3293.61","Partner","FALSE"
"3019","2025-01-16","76","20","185.92","3718.4","Online","TRUE"
"3020","2025-09-18","5","14","899.03","12586.42","Online","TRUE"
"3021","2024-12-14","160","18","64.54","1161.72","Retail","TRUE"
"3022","2025-06-16","20","37","925.83","34255.71","Online","TRUE"
"3023","2025-03-20","70","16","1057.59","16921.44","Retail","TRUE"
"3024","2025-06-30","200","13","682.77","8876.01","Partner","TRUE"
"3025","2026-03-06","190","18","835.04","15030.72","Online","TRUE"
"3026","2026-03-21","159","8","1034.74","8277.92","Retail","FALSE"
"3027","2026-04-15","188","7","1199.19","8394.33","Partner","TRUE"
"3028","2025-06-28","43","27","56.45","1524.15","Retail","TRUE"
"3029","2026-07-30","47","14","424.04","5936.56","Retail","FALSE"
"3030","2025-03-04","57","37","684.22","25316.14","Online","TRUE"
"3031","2025-12-24","59","20","929.44","18588.8","Online","TRUE"
"3032","2025-07-21","171","17","448.82","7629.94","Partner","TRUE"
"3033","2025-08-18","157","21","704.52","14794.92","Retail","TRUE"
"3034","2024-09-24","124","1","489.53","489.53","Online","TRUE"
"3035","2025-08-08","71","27","227.96","6154.92","Direct","TRUE"
"3036","2026-05-10","161","21","33.52","703.92","Online","TRUE"
"3037","2025-04-04","115","10","863.63","8636.3","Retail","TRUE"
"3038","2026-08-06","127","11","1123.74","12361.14","Partner","TRUE"
"3039","2024-11-23","51","17","134.79","2291.43","Partner","TRUE"
"3040","2026-07-30","14","12","243.05","2916.6","Online","TRUE"
"3041","2025-05-24","127","18","1094.58","19702.44","Partner","TRUE"
"3042","2026-03-27","154","24","1144.96","27479.04","Partner","TRUE"
"3043","2025-04-16","88","23","149.08","3428.84","Partner","TRUE"
"3044","2025-10-16","165","11","542.84","5971.24","Online","TRUE"
"3045","2026-05-13","85","19","165.74","3149.06","Retail","TRUE"
"3046","2025-04-27","76","8","802.35","6418.8","Online","FALSE"
"3047","2025-07-01","105","21","90.51","1900.71","Partner","TRUE"
"3048","2025-08-25","192","18","801.33","14423.94","Partner","FALSE"
"3049","2026-04-03","76","6","142.52","855.12","Online","TRUE"
"3050","2026-03-07","199","5","275.19","1375.95","Direct","TRUE"
"3051","2025-03-08","194","38","761.41","28933.58","Online","FALSE"
"3052","2026-04-02","106","28","823.74","23064.72","Partner","TRUE"
"3053","2025-06-21","44","5","931.82","4659.1","Partner","TRUE"
"3054","2025-12-09","50","25","168.33","4208.25","Partner","TRUE"
"3055","2025-04-28","142","38","165.85","6302.3","Retail","TRUE"
"3056","2025-08-25","27","34","816.92","27775.28","Retail","TRUE"
"3057","2025-03-15","4","21","1028.51","21598.71","Partner","FALSE"
"3058","2025-03-04","32","38","511.63","19441.94","Partner","TRUE"
"3059","2024-09-24","40","29","881.22","25555.38","Retail","TRUE"
"3060","2025-08-14","69","23","1013.44","23309.12","Direct","TRUE"
"3061","2024-12-15","58","8","707.41","5659.28","Online","TRUE"
"3062","2025-09-10","184","3","244.61","733.83","Partner","TRUE"
"3063","2025-11-19","176","38","475.9","18084.2","Direct","FALSE"
"3064","2025-10-06","70","29","723.53","20982.37","Partner","TRUE"
"3065","2025-09-29","166","21","413.4","8681.4","Retail","FALSE"
"3066","2026-06-29","22","14","10.02","140.28","Online","FALSE"
"3067","2024-09-24","110","31","275.89","8552.59","Partner","FALSE"
"3068","2026-08-08","101","16","1176.91","18830.56","Partner","TRUE"
"3069","2024-11-13","90","9","635.36","5718.24","Direct","TRUE"
"3070","2025-06-02","85","37","347.97","12874.89","Online","TRUE"
"3071","2025-10-25","161","1","557.75","557.75","Retail","TRUE"
"3072","2025-03-01","168","7","623.09","4361.63","Partner","TRUE"
"3073","2025-09-04","177","22","900.86","19818.92","Direct","FALSE"
"3074","2026-03-17","100","8","1134.56","9076.48","Online","TRUE"
"3075","2024-10-27","162","23","335.61","7719.03","Partner","TRUE"
"3076","2024-10-14","117","35","836.94","29292.9","Retail","TRUE"
"3077","2024-11-16","143","5","753.33","3766.65","Online","TRUE"
"3078","2026-04-04","72","29","171.95","4986.55","Direct","TRUE"
"3079","2025-07-23","6","39","699.67","27287.13","Partner","FALSE"
"3080","2025-10-17","86","2","573.54","1147.08","Retail","TRUE"
"3081","2024-12-05","190","38","843.14","32039.32","Retail","TRUE"
"3082","2025-04-27","97","4","221.59","886.36","Online","TRUE"
"3083","2025-08-15","168","27","587.83","15871.41","Partner","TRUE"
"3084","2025-03-31","200","7","533.33","3733.31","Partner","TRUE"
"3085","2026-01-25","184","11","431.35","4744.85","Partner","FALSE"
"3086","2024-11-25","73","25","590.2","14755","Direct","FALSE"
"3087","2026-04-06","49","28","344.97","9659.16","Direct","TRUE"
"3088","2026-08-18","14","18","1094.7","19704.6","Partner","TRUE"
"3089","2026-02-21","126","16","488.22","7811.52","Direct","TRUE"
"3090","2025-03-31","198","10","546.59","5465.9","Direct","TRUE"
"3091","2026-06-18","47","11","853.76","9391.36","Partner","TRUE"
"3092","2024-11-04","200","11","112.88","1241.68","Direct","TRUE"
"3093","2025-10-11","25","15","195.17","2927.55","Retail","TRUE"
"3094","2026-08-16","80","16","260.77","4172.32","Partner","TRUE"
"3095","2026-08-22","54","34","415.9","14140.6","Online","TRUE"
"3096","2025-05-22","109","18","1154.84","20787.12","Direct","TRUE"
"3097","2026-05-07","131","35","109.57","3834.95","Online","FALSE"
"3098","2025-06-19","168","5","234.2","1171","Retail","TRUE"
"3099","2026-03-07","117","4","262.96","1051.84","Partner","TRUE"
"3100","2025-04-12","48","38","632.7","24042.6","Direct","TRUE"
"3101","2025-04-19","83","17","375.55","6384.35","Partner","FALSE"
"3102","2025-05-30","47","29","859.45","24924.05","Retail","TRUE"
"3103","2026-01-23","149","14","432.22","6051.08","Online","TRUE"
"3104","2025-09-28","149","7","833.76","5836.32","Online","TRUE"
"3105","2025-04-16","88","32","894.05","28609.6","Online","TRUE"
"3106","2025-01-08","173","36","33.06","1190.16","Direct","FALSE"
"3107","2026-08-26","156","15","453.36","6800.4","Retail","TRUE"
"3108","2025-12-29","35","11","595.7","6552.7","Direct","FALSE"
"3109","2026-02-22","19","15","885.32","13279.8","Online","TRUE"
"3110","2026-02-04","74","18","369.01","6642.18","Retail","TRUE"
"3111","2024-11-02","3","6","155.81","934.86","Online","TRUE"
"3112","2026-08-10","178","20","666.34","13326.8","Retail","TRUE"
"3113","2026-09-10","99","25","52.03","1300.75","Retail","TRUE"
"3114","2025-03-20","159","7","1051.4","7359.8","Direct","FALSE"
"3115","2026-09-07","79","24","1018.18","24436.32","Online","TRUE"
"3116","2026-04-19","53","35","545.8","19103","Partner","TRUE"
"3117","2025-01-07","155","35","957.02","33495.7","Online","FALSE"
"3118","2026-01-11","11","16","761.24","12179.84","Partner","TRUE"
"3119","2025-05-10","25","13","460.74","5989.62","Direct","TRUE"
"3120","2025-04-02","65","13","918.68","11942.84","Direct","FALSE"
"3121","2024-11-19","61","11","574.12","6315.32","Retail","TRUE"
"3122","2025-04-21","169","14","749.43","10492.02","Partner","TRUE"
"3123","2025-08-31","185","20","514.3","10286","Retail","FALSE"
"3124","2025-09-18","195","1","952.14","952.14","Partner","TRUE"
"3125","2025-07-03","190","16","279.66","4474.56","Partner","FALSE"
"3126","2026-03-29","33","27","820.02","22140.54","Partner","FALSE"
"3127","2025-02-28","183","14","336.89","4716.46","Direct","TRUE"
"3128","2026-01-10","181","38","763.4","29009.2","Online","TRUE"
"3129","2026-09-07","136","7","132.16","925.12","Online","TRUE"
"3130","2025-05-25","100","22","49.12","1080.64","Direct","FALSE"
"3131","2025-10-19","100","36","603.3","21718.8","Direct","TRUE"
"3132","2025-09-22","192","23","835.28","19211.44","Direct","FALSE"
"3133","2024-10-09","62","24","904.26","21702.24","Partner","TRUE"
"3134","2025-11-08","33","22","645.29","14196.38","Retail","TRUE"
"3135","2025-02-22","124","16","50","800","Partner","TRUE"
"3136","2026-08-16","125","12","783.89","9406.68","Online","TRUE"
"3137","2026-07-24","7","12","662.51","7950.12","Online","TRUE"
"3138","2025-03-10","123","22","833.68","18340.96","Direct","TRUE"
"3139","2025-03-10","51","17","58.66","997.22","Online","TRUE"
"3140","2024-12-23","160","2","127.64","255.28","Retail","TRUE"
"3141","2025-03-15","148","11","789.07","8679.77","Retail","TRUE"
"3142","2026-06-19","153","22","176.06","3873.32","Partner","TRUE"
"3143","2026-03-23","115","19","1143.27","21722.13","Direct","TRUE"
"3144","2024-10-08","133","23","16.3","374.9","Direct","TRUE"
"3145","2026-01-12","177","9","484.41","4359.69","Partner","TRUE"
"3146","2025-07-09","82","34","430.51","14637.34","Online","TRUE"
"3147","2026-01-15","90","24","910.74","21857.76","Online","TRUE"
"3148","2026-01-21","120","17","131.62","2237.54","Retail","TRUE"
"3149","2025-09-08","33","10","511.28","5112.8","Direct","TRUE"
"3150","2026-06-27","77","36","111.56","4016.16","Online","TRUE"
"3151","2025-07-06","186","34","989.38","33638.92","Online","FALSE"
"3152","2026-07-22","185","2","468.56","937.12","Direct","TRUE"
"3153","2024-09-23","170","10","301.23","3012.3","Direct","TRUE"
"3154","2025-10-12","49","13","204.66","2660.58","Retail","TRUE"
"3155","2025-07-24","192","19","53.63","1018.97","Retail","TRUE"
"3156","2026-05-23","187","31","486.01","15066.31","Partner","FALSE"
"3157","2026-04-28","13","21","226.62","4759.02","Direct","TRUE"
"3158","2024-12-09","72","15","342.58","5138.7","Partner","TRUE"
"3159","2025-08-01","96","3","258.94","776.82","Retail","FALSE"
"3160","2025-08-04","38","39","885","34515","Retail","TRUE"
"3161","2024-10-21","191","23","125.3","2881.9","Online","TRUE"
"3162","2025-09-02","28","30","897.44","26923.2","Direct","FALSE"
"3163","2025-10-30","25","23","589.5","13558.5","Partner","TRUE"
"3164","2025-12-10","178","29","524.31","15204.99","Online","TRUE"
"3165","2026-04-10","131","18","525.53","9459.54","Partner","FALSE"
"3166","2025-10-19","38","1","587.82","587.82","Retail","TRUE"
"3167","2026-03-31","93","4","1197.6","4790.4","Retail","TRUE"
"3168","2026-05-01","197","16","262.16","4194.56","Partner","TRUE"
"3169","2026-01-24","70","29","576.05","16705.45","Partner","TRUE"
"3170","2024-09-15","180","2","867.3","1734.6","Direct","TRUE"
"3171","2026-05-27","114","3","1086.3","3258.9","Direct","TRUE"
"3172","2026-01-15","68","4","1046.83","4187.32","Partner","TRUE"
"3173","2026-07-02","48","11","1113.35","12246.85","Online","TRUE"
"3174","2026-06-26","32","26","250.47","6512.22","Direct","TRUE"
"3175","2026-05-01","163","21","474.31","9960.51","Online","TRUE"
"3176","2025-02-28","179","4","685.33","2741.32","Partner","TRUE"
"3177","2025-01-02","98","1","803.48","803.48","Partner","TRUE"
"3178","2025-12-11","71","15","114.34","1715.1","Online","TRUE"
"3179","2025-07-10","56","26","536.08","13938.08","Retail","TRUE"
"3180","2026-06-21","30","27","704.75","19028.25","Direct","TRUE"
"3181","2024-12-12","11","11","12.17","133.87","Online","TRUE"
"3182","2026-01-13","59","24","1158.21","27797.04","Partner","FALSE"
"3183","2026-01-23","145","8","841.65","6733.2","Online","TRUE"
"3184","2026-07-08","24","2","129.78","259.56","Online","TRUE"
"3185","2026-03-22","129","37","352.99","13060.63","Partner","TRUE"
"3186","2025-10-16","28","32","52.06","1665.92","Direct","TRUE"
"3187","2026-07-12","195","35","646.69","22634.15","Retail","TRUE"
"3188","2025-04-15","186","8","612.92","4903.36","Online","FALSE"
"3189","2025-08-24","130","16","597.4","9558.4","Online","TRUE"
"3190","2026-03-25","114","26","1150.32","29908.32","Online","TRUE"
"3191","2025-03-08","170","29","603.29","17495.41","Retail","FALSE"
"3192","2026-03-03","10","14","970.15","13582.1","Online","TRUE"
"3193","2025-05-22","116","6","141.75","850.5","Online","TRUE"
"3194","2025-01-01","112","14","738.09","10333.26","Partner","TRUE"
"3195","2025-10-15","129","33","1189.65","39258.45","Retail","TRUE"
"3196","2026-02-07","185","24","376.88","9045.12","Partner","TRUE"
"3197","2025-01-01","39","31","619.21","19195.51","Retail","TRUE"
"3198","2026-08-02","24","12","804.33","9651.96","Online","FALSE"
"3199","2024-09-16","51","22","731.23","16087.06","Online","TRUE"
"3200","2026-02-14","46","35","33.72","1180.2","Direct","TRUE"
"3201","2026-03-17","132","29","766.69","22234.01","Partner","TRUE"
"3202","2026-03-20","15","39","757.68","29549.52","Retail","FALSE"
"3203","2026-05-10","99","20","877.95","17559","Partner","TRUE"
"3204","2026-03-18","198","13","803.95","10451.35","Direct","TRUE"
"3205","2026-05-24","140","21","42.51","892.71","Retail","TRUE"
"3206","2026-06-11","100","22","567.6","12487.2","Direct","TRUE"
"3207","2026-05-12","182","37","810.5","29988.5","Retail","TRUE"
"3208","2024-09-25","89","2","1149.02","2298.04","Online","TRUE"
"3209","2026-07-17","189","24","812.5","19500","Direct","TRUE"
"3210","2025-01-19","113","12","1024.76","12297.12","Retail","TRUE"
"3211","2025-08-30","8","5","108.13","540.65","Retail","TRUE"
"3212","2025-02-20","53","10","165.99","1659.9","Direct","TRUE"
"3213","2026-01-06","10","6","164.58","987.48","Retail","TRUE"
"3214","2026-07-23","53","37","259.07","9585.59","Retail","TRUE"
"3215","2025-09-02","107","12","75.66","907.92","Retail","TRUE"
"3216","2025-03-20","24","23","271.88","6253.24","Online","TRUE"
"3217","2025-11-24","182","32","247.32","7914.24","Direct","TRUE"
"3218","2026-07-21","193","17","733.62","12471.54","Retail","FALSE"
"3219","2024-12-18","87","6","177.24","1063.44","Partner","TRUE"
"3220","2026-07-11","160","18","131.64","2369.52","Direct","FALSE"
"3221","2024-10-13","160","1","407.92","407.92","Retail","TRUE"
"3222","2025-04-29","75","25","1042.7","26067.5","Partner","TRUE"
"3223","2025-11-16","100","22","373.51","8217.22","Direct","TRUE"
"3224","2025-07-06","26","36","484.31","17435.16","Retail","TRUE"
"3225","2026-03-15","155","11","1044.61","11490.71","Partner","TRUE"
"3226","2025-09-08","93","14","935.99","13103.86","Retail","TRUE"
"3227","2025-06-14","56","30","193.29","5798.7","Retail","TRUE"
"3228","2025-01-27","132","5","1051","5255","Direct","TRUE"
"3229","2026-07-19","13","19","622.68","11830.92","Direct","FALSE"
"3230","2025-04-06","132","31","107.08","3319.48","Direct","FALSE"
"3231","2025-03-31","50","36","258.8","9316.8","Retail","TRUE"
"3232","2025-06-27","167","1","458.49","458.49","Partner","TRUE"
"3233","2026-07-12","82","21","115.22","2419.62","Online","TRUE"
"3234","2026-05-29","55","19","281.56","5349.64","Retail","TRUE"
"3235","2024-10-29","111","10","1082.09","10820.9","Partner","TRUE"
"3236","2026-07-29","19","28","876.52","24542.56","Partner","TRUE"
"3237","2025-02-28","84","36","551.9","19868.4","Direct","TRUE"
"3238","2025-02-08","73","32","463.43","14829.76","Partner","TRUE"
"3239","2025-10-09","58","25","206.59","5164.75","Direct","TRUE"
"3240","2024-09-21","96","33","284.92","9402.36","Retail","TRUE"
"3241","2025-12-13","140","18","82.78","1490.04","Online","TRUE"
"3242","2026-03-10","93","23","398.41","9163.43","Partner","TRUE"
"3243","2025-08-29","84","28","877.36","24566.08","Direct","TRUE"
"3244","2026-07-07","56","4","191.55","766.2","Online","TRUE"
"3245","2025-08-21","84","6","1031.78","6190.68","Direct","TRUE"
"3246","2025-07-18","78","25","595.95","14898.75","Online","TRUE"
"3247","2024-11-03","190","32","27.15","868.8","Online","TRUE"
"3248","2025-03-23","20","33","92.77","3061.41","Partner","TRUE"
"3249","2026-08-23","76","4","568.8","2275.2","Retail","TRUE"
"3250","2026-03-20","81","9","672.78","6055.02","Direct","TRUE"
"3251","2026-06-05","130","24","571.23","13709.52","Direct","TRUE"
"3252","2026-04-18","177","33","748.22","24691.26","Online","TRUE"
"3253","2025-01-15","81","28","460.5","12894","Retail","FALSE"
"3254","2026-04-18","154","15","553.25","8298.75","Retail","TRUE"
"3255","2026-06-29","3","29","547.77","15885.33","Direct","TRUE"
"3256","2026-03-05","190","32","959.93","30717.76","Direct","FALSE"
"3257","2025-09-11","90","9","122.55","1102.95","Retail","FALSE"
"3258","2025-01-14","3","19","570.35","10836.65","Partner","TRUE"
"3259","2026-06-29","42","21","501.34","10528.14","Partner","TRUE"
"3260","2026-01-04","154","16","197.13","3154.08","Online","FALSE"
"3261","2025-07-06","28","27","28.43","767.61","Partner","TRUE"
"3262","2025-01-11","57","11","904.12","9945.32","Retail","TRUE"
"3263","2024-10-15","73","32","980.07","31362.24","Direct","TRUE"
"3264","2024-09-23","19","30","843.21","25296.3","Direct","TRUE"
"3265","2026-09-08","143","12","324.67","3896.04","Retail","FALSE"
"3266","2024-09-28","199","7","593.96","4157.72","Retail","FALSE"
"3267","2025-07-19","18","30","1030.87","30926.1","Retail","TRUE"
"3268","2025-01-29","130","3","447.9","1343.7","Retail","TRUE"
"3269","2025-02-02","68","25","783.63","19590.75","Direct","TRUE"
"3270","2025-04-26","93","9","530.89","4778.01","Direct","FALSE"
"3271","2025-05-29","115","35","732.33","25631.55","Retail","FALSE"
"3272","2026-05-05","149","15","341.91","5128.65","Partner","TRUE"
"3273","2025-08-08","160","26","526.63","13692.38","Retail","TRUE"
"3274","2024-11-25","168","28","905.72","25360.16","Retail","TRUE"
"3275","2025-08-20","7","32","358.33","11466.56","Retail","TRUE"
"3276","2025-12-25","57","22","417.79","9191.38","Partner","TRUE"
"3277","2024-10-27","62","12","80.55","966.6","Retail","TRUE"
"3278","2024-10-17","126","12","874.14","10489.68","Direct","TRUE"
"3279","2025-02-04","180","38","449.2","17069.6","Direct","TRUE"
"3280","2025-04-25","35","27","742.11","20036.97","Retail","TRUE"
"3281","2025-02-05","38","34","13.63","463.42","Direct","TRUE"
"3282","2024-09-16","38","30","456.11","13683.3","Direct","TRUE"
"3283","2026-04-21","5","32","469.04","15009.28","Online","FALSE"
"3284","2025-05-03","198","18","345.46","6218.28","Retail","TRUE"
"3285","2024-10-27","37","33","206.63","6818.79","Online","TRUE"
"3286","2024-10-22","99","25","744.77","18619.25","Online","TRUE"
"3287","2025-10-27","188","24","672.66","16143.84","Direct","TRUE"
"3288","2025-03-29","128","29","1046.5","30348.5","Direct","TRUE"
"3289","2026-07-27","142","5","955.92","4779.6","Direct","TRUE"
"3290","2025-06-29","36","29","891.65","25857.85","Retail","TRUE"
"3291","2025-02-24","21","32","407.47","13039.04","Online","TRUE"
"3292","2025-03-06","167","36","497.25","17901","Direct","TRUE"
"3293","2025-01-06","182","27","754.23","20364.21","Retail","TRUE"
"3294","2026-01-03","133","27","1147.68","30987.36","Retail","TRUE"
"3295","2026-01-18","9","21","521.69","10955.49","Partner","TRUE"
"3296","2026-07-16","125","7","721.88","5053.16","Online","TRUE"
"3297","2026-08-15","15","7","634.81","4443.67","Partner","TRUE"
"3298","2025-07-12","47","9","16.47","148.23","Online","TRUE"
"3299","2025-09-05","195","37","1009.65","37357.05","Direct","TRUE"
"3300","2025-12-24","139","32","413.63","13236.16","Partner","TRUE"
"3301","2026-03-29","19","34","1052.95","35800.3","Online","TRUE"
"3302","2025-01-22","22","16","679.46","10871.36","Partner","TRUE"
"3303","2025-12-08","56","1","686.43","686.43","Direct","TRUE"
"3304","2025-10-07","117","39","216.74","8452.86","Online","FALSE"
"3305","2025-09-17","133","38","1006.67","38253.46","Direct","TRUE"
"3306","2026-04-14","178","25","1064.15","26603.75","Online","TRUE"
"3307","2024-09-29","72","19","675.44","12833.36","Direct","TRUE"
"3308","2026-05-30","86","29","184.38","5347.02","Retail","TRUE"
"3309","2026-08-04","22","11","698.19","7680.09","Retail","TRUE"
"3310","2025-03-15","156","24","64.36","1544.64","Online","TRUE"
"3311","2024-12-25","34","9","524.06","4716.54","Direct","TRUE"
"3312","2025-03-30","65","4","651.74","2606.96","Retail","TRUE"
"3313","2025-08-10","20","35","783.51","27422.85","Online","TRUE"
"3314","2026-08-16","95","1","1062.09","1062.09","Partner","TRUE"
"3315","2026-08-30","118","30","1117.97","33539.1","Direct","TRUE"
"3316","2025-01-20","150","18","1158.93","20860.74","Partner","TRUE"
"3317","2026-02-28","91","17","142.93","2429.81","Online","FALSE"
"3318","2025-06-21","76","2","517.27","1034.54","Direct","FALSE"
"3319","2026-09-12","195","35","503.32","17616.2","Direct","TRUE"
"3320","2024-10-07","46","36","449.64","16187.04","Partner","TRUE"
"3321","2025-12-18","190","14","378.23","5295.22","Partner","TRUE"
"3322","2026-01-08","15","26","65.29","1697.54","Online","TRUE"
"3323","2026-06-02","156","5","893.93","4469.65","Direct","TRUE"
"3324","2024-09-19","17","31","572.29","17740.99","Online","TRUE"
"3325","2026-06-24","167","19","90.64","1722.16","Retail","TRUE"
"3326","2026-06-09","47","19","445.35","8461.65","Partner","FALSE"
"3327","2026-01-25","16","29","378.02","10962.58","Retail","FALSE"
"3328","2024-12-28","21","20","114.61","2292.2","Direct","TRUE"
"3329","2025-09-01","87","30","343.83","10314.9","Direct","TRUE"
"3330","2024-10-07","89","29","599.31","17379.99","Direct","TRUE"
"3331","2026-04-12","42","7","346.61","2426.27","Retail","TRUE"
"3332","2025-10-19","84","18","392.31","7061.58","Partner","FALSE"
"3333","2026-04-02","32","6","536.71","3220.26","Direct","TRUE"
"3334","2025-10-05","34","7","204.14","1428.98","Partner","TRUE"
"3335","2025-04-23","191","6","1089.78","6538.68","Direct","TRUE"
"3336","2025-07-18","26","20","413.45","8269","Online","FALSE"
"3337","2026-05-03","143","29","327.61","9500.69","Direct","TRUE"
"3338","2026-08-25","97","27","599.21","16178.67","Direct","TRUE"
"3339","2025-09-19","173","26","658.18","17112.68","Direct","FALSE"
"3340","2024-11-07","84","30","922.93","27687.9","Retail","TRUE"
"3341","2025-01-15","38","6","704.17","4225.02","Partner","TRUE"
"3342","2024-11-21","136","4","825.35","3301.4","Direct","TRUE"
"3343","2025-09-18","123","36","1014.53","36523.08","Direct","TRUE"
"3344","2025-08-30","84","2","248.7","497.4","Direct","FALSE"
"3345","2026-01-29","49","23","331.87","7633.01","Partner","FALSE"
"3346","2025-05-07","120","35","188.02","6580.7","Online","TRUE"
"3347","2026-04-29","18","10","819.95","8199.5","Online","TRUE"
"3348","2024-12-28","38","35","1137.75","39821.25","Online","TRUE"
"3349","2025-08-27","127","19","251.47","4777.93","Partner","TRUE"
"3350","2026-08-08","193","24","543.66","13047.84","Direct","FALSE"
"3351","2025-05-29","11","4","1195.31","4781.24","Retail","TRUE"
"3352","2026-01-25","149","15","247.15","3707.25","Retail","TRUE"
"3353","2025-08-08","183","25","116.27","2906.75","Retail","TRUE"
"3354","2024-09-14","5","16","1105.2","17683.2","Direct","TRUE"
"3355","2026-05-27","151","15","462.97","6944.55","Partner","TRUE"
"3356","2025-06-22","182","5","602.83","3014.15","Partner","TRUE"
"3357","2024-10-22","27","30","186.07","5582.1","Direct","TRUE"
"3358","2025-06-02","62","37","663.66","24555.42","Partner","TRUE"
"3359","2025-11-05","30","28","436.38","12218.64","Partner","TRUE"
"3360","2024-10-10","188","35","884.94","30972.9","Direct","TRUE"
"3361","2026-08-26","156","13","640.79","8330.27","Partner","TRUE"
"3362","2025-10-20","149","33","791.64","26124.12","Retail","TRUE"
"3363","2026-01-12","5","35","665.94","23307.9","Direct","TRUE"
"3364","2025-07-04","6","36","332.77","11979.72","Partner","FALSE"
"3365","2026-03-03","127","9","336.54","3028.86","Partner","TRUE"
"3366","2024-09-23","49","26","510.28","13267.28","Partner","TRUE"
"3367","2025-04-07","171","14","45.96","643.44","Online","TRUE"
"3368","2026-06-21","199","9","313.85","2824.65","Direct","TRUE"
"3369","2025-01-16","167","9","443.96","3995.64","Retail","TRUE"
"3370","2026-02-13","127","21","958.75","20133.75","Direct","TRUE"
"3371","2026-05-24","151","31","920.66","28540.46","Retail","TRUE"
"3372","2025-08-20","170","36","944.19","33990.84","Online","TRUE"
"3373","2025-12-03","176","33","165.99","5477.67","Partner","FALSE"
"3374","2026-01-04","53","30","456.53","13695.9","Retail","TRUE"
"3375","2024-10-10","191","32","997.54","31921.28","Online","TRUE"
"3376","2025-09-30","137","4","160.63","642.52","Retail","TRUE"
"3377","2024-12-11","8","22","1055.8","23227.6","Partner","FALSE"
"3378","2026-05-02","10","9","604.25","5438.25","Partner","TRUE"
"3379","2025-10-31","105","31","359.99","11159.69","Retail","TRUE"
"3380","2025-03-11","120","17","317.12","5391.04","Partner","TRUE"
"3381","2025-05-26","14","15","725.44","10881.6","Direct","TRUE"
"3382","2026-06-22","191","19","611.34","11615.46","Retail","TRUE"
"3383","2025-05-25","24","17","363.38","6177.46","Direct","FALSE"
"3384","2026-06-20","45","9","40.05","360.45","Retail","FALSE"
"3385","2026-04-29","36","37","307.99","11395.63","Direct","TRUE"
"3386","2026-05-24","103","19","393.26","7471.94","Online","TRUE"
"3387","2026-03-21","46","13","1180.25","15343.25","Partner","TRUE"
"3388","2024-09-22","50","34","669.94","22777.96","Direct","FALSE"
"3389","2026-08-18","19","14","63.06","882.84","Partner","TRUE"
"3390","2026-08-16","132","16","402.53","6440.48","Retail","TRUE"
"3391","2025-10-04","148","31","245.66","7615.46","Online","TRUE"
"3392","2026-07-31","97","19","73.61","1398.59","Retail","TRUE"
"3393","2026-03-30","93","21","1164.83","24461.43","Online","FALSE"
"3394","2025-06-13","104","35","801.91","28066.85","Retail","FALSE"
"3395","2026-03-31","178","33","202.32","6676.56","Retail","TRUE"
"3396","2025-12-23","60","9","801.98","7217.82","Retail","TRUE"
"3397","2024-10-23","81","14","472.91","6620.74","Online","TRUE"
"3398","2024-12-23","199","6","395.32","2371.92","Online","TRUE"
"3399","2025-03-21","131","10","53.05","530.5","Retail","TRUE"
"3400","2025-12-01","160","27","346.6","9358.2","Direct","TRUE"
"3401","2025-07-06","47","14","918.8","12863.2","Partner","TRUE"
"3402","2025-03-30","58","3","1091.5","3274.5","Direct","TRUE"
"3403","2025-11-16","133","29","193.13","5600.77","Partner","TRUE"
"3404","2025-10-26","7","34","604.9","20566.6","Retail","FALSE"
"3405","2025-04-17","132","29","345.7","10025.3","Online","TRUE"
"3406","2025-05-25","39","25","835.3","20882.5","Online","TRUE"
"3407","2025-01-16","162","35","1057.3","37005.5","Direct","FALSE"
"3408","2026-04-24","197","10","376.49","3764.9","Retail","TRUE"
"3409","2026-07-13","98","15","16.33","244.95","Online","TRUE"
"3410","2024-10-23","101","21","123.24","2588.04","Direct","TRUE"
"3411","2025-05-10","65","39","1104.03","43057.17","Direct","TRUE"
"3412","2026-05-14","26","34","306.56","10423.04","Direct","FALSE"
"3413","2024-09-27","139","12","10.76","129.12","Retail","TRUE"
"3414","2026-07-15","60","30","471.06","14131.8","Direct","TRUE"
"3415","2025-09-09","181","28","827.25","23163","Partner","FALSE"
"3416","2025-07-16","135","3","249.83","749.49","Retail","TRUE"
"3417","2026-03-05","55","9","292.91","2636.19","Direct","FALSE"
"3418","2025-04-26","193","19","979.13","18603.47","Direct","TRUE"
"3419","2026-07-06","170","16","1198.4","19174.4","Retail","TRUE"
"3420","2025-05-04","97","23","677.09","15573.07","Retail","FALSE"
"3421","2026-04-09","196","21","1096.4","23024.4","Retail","TRUE"
"3422","2026-04-22","108","34","95.81","3257.54","Direct","FALSE"
"3423","2024-09-27","126","14","926.31","12968.34","Partner","TRUE"
"3424","2026-08-05","122","10","889.06","8890.6","Direct","TRUE"
"3425","2025-02-03","137","29","112.65","3266.85","Retail","FALSE"
"3426","2025-06-09","122","24","1149.62","27590.88","Online","FALSE"
"3427","2025-02-28","179","2","687.76","1375.52","Retail","TRUE"
"3428","2025-10-02","43","6","1062.02","6372.12","Partner","TRUE"
"3429","2024-11-12","25","16","882.99","14127.84","Partner","FALSE"
"3430","2025-03-19","70","12","657.26","7887.12","Partner","TRUE"
"3431","2026-08-10","140","37","949.94","35147.78","Retail","TRUE"
"3432","2025-02-15","166","12","424.16","5089.92","Online","TRUE"
"3433","2026-01-09","109","20","555.34","11106.8","Retail","TRUE"
"3434","2025-03-11","97","24","49.95","1198.8","Direct","TRUE"
"3435","2024-12-02","2","12","868.4","10420.8","Online","TRUE"
"3436","2026-03-31","134","11","583.25","6415.75","Direct","TRUE"
"3437","2025-07-04","23","6","250.62","1503.72","Partner","TRUE"
"3438","2025-04-10","67","29","76.97","2232.13","Online","FALSE"
"3439","2025-03-28","191","23","788.68","18139.64","Online","TRUE"
"3440","2025-08-28","83","1","672.44","672.44","Partner","TRUE"
"3441","2024-12-23","136","3","950.37","2851.11","Online","TRUE"
"3442","2025-07-06","125","34","575.58","19569.72","Retail","TRUE"
"3443","2026-07-29","62","2","1157.67","2315.34","Retail","TRUE"
"3444","2025-03-26","66","7","1115.72","7810.04","Direct","TRUE"
"3445","2024-10-09","175","5","1092.9","5464.5","Online","TRUE"
"3446","2026-09-13","1","32","478.26","15304.32","Online","TRUE"
"3447","2025-05-18","82","19","533.25","10131.75","Direct","FALSE"
"3448","2024-10-03","10","23","561.42","12912.66","Retail","TRUE"
"3449","2026-01-23","57","16","433.38","6934.08","Partner","TRUE"
"3450","2026-05-23","143","37","892.84","33035.08","Direct","TRUE"
"3451","2024-11-27","145","34","629.93","21417.62","Partner","FALSE"
"3452","2026-04-26","8","6","1000.81","6004.86","Direct","TRUE"
"3453","2026-03-24","85","27","731.53","19751.31","Partner","FALSE"
"3454","2025-05-22","25","22","973.77","21422.94","Partner","TRUE"
"3455","2025-04-27","104","8","1008.82","8070.56","Retail","TRUE"
"3456","2025-04-05","40","29","195.79","5677.91","Retail","TRUE"
"3457","2025-03-13","143","12","310.84","3730.08","Online","TRUE"
"3458","2025-01-27","73","34","240.56","8179.04","Direct","TRUE"
"3459","2025-12-06","86","9","744.23","6698.07","Retail","TRUE"
"3460","2025-04-01","80","4","580.11","2320.44","Direct","TRUE"
"3461","2025-10-10","172","16","652.77","10444.32","Direct","TRUE"
"3462","2025-12-29","172","36","671.46","24172.56","Partner","FALSE"
"3463","2024-11-15","56","30","1181.31","35439.3","Partner","TRUE"
"3464","2025-10-16","29","10","1084.22","10842.2","Retail","TRUE"
"3465","2026-06-23","111","20","223.81","4476.2","Partner","TRUE"
"3466","2025-04-07","73","27","764.11","20630.97","Direct","TRUE"
"3467","2024-12-28","169","17","702.11","11935.87","Direct","TRUE"
"3468","2025-08-23","70","20","121.32","2426.4","Online","TRUE"
"3469","2025-01-05","185","11","31.35","344.85","Retail","TRUE"
"3470","2025-07-25","52","18","873.15","15716.7","Partner","TRUE"
"3471","2026-06-18","103","37","1121.8","41506.6","Direct","TRUE"
"3472","2026-07-02","54","16","506.34","8101.44","Partner","TRUE"
"3473","2026-01-26","54","29","574.27","16653.83","Partner","TRUE"
"3474","2025-07-13","156","27","317.57","8574.39","Online","TRUE"
"3475","2025-02-21","185","22","482.62","10617.64","Partner","TRUE"
"3476","2025-11-02","140","8","676.2","5409.6","Partner","TRUE"
"3477","2025-12-21","157","26","18.88","490.88","Online","TRUE"
"3478","2026-08-20","72","5","396.57","1982.85","Partner","TRUE"
"3479","2026-06-22","135","5","1191.72","5958.6","Partner","TRUE"
"3480","2026-01-02","59","36","972.96","35026.56","Partner","TRUE"
"3481","2025-08-10","84","27","55.75","1505.25","Direct","TRUE"
"3482","2026-08-05","37","19","309.17","5874.23","Direct","TRUE"
"3483","2026-02-13","26","15","198.66","2979.9","Partner","TRUE"
"3484","2024-12-18","184","14","916.42","12829.88","Partner","FALSE"
"3485","2026-04-01","72","31","1033.43","32036.33","Retail","TRUE"
"3486","2026-01-07","41","26","704.59","18319.34","Partner","TRUE"
"3487","2025-08-18","191","36","116.23","4184.28","Partner","TRUE"
"3488","2026-01-17","95","12","934.15","11209.8","Direct","TRUE"
"3489","2026-05-14","8","32","716.7","22934.4","Direct","TRUE"
"3490","2025-02-27","188","36","538.06","19370.16","Online","TRUE"
"3491","2025-12-03","122","35","654.67","22913.45","Partner","TRUE"
"3492","2025-05-12","129","19","1155.95","21963.05","Partner","TRUE"
"3493","2026-05-03","70","29","133.02","3857.58","Retail","TRUE"
"3494","2025-04-22","192","16","797.37","12757.92","Online","TRUE"
"3495","2025-08-27","81","37","583.32","21582.84","Retail","TRUE"
"3496","2026-08-06","4","13","663.77","8629.01","Retail","TRUE"
"3497","2025-11-12","32","25","174.08","4352","Partner","TRUE"
"3498","2025-05-09","51","3","318.12","954.36","Direct","FALSE"
"3499","2026-06-15","44","8","1150.82","9206.56","Online","FALSE"
"3500","2025-10-12","14","39","667.85","26046.15","Online","FALSE"
"3501","2024-10-31","188","10","702.62","7026.2","Online","TRUE"
"3502","2025-02-19","123","16","779.67","12474.72","Direct","TRUE"
"3503","2025-12-30","112","6","548.69","3292.14","Partner","TRUE"
"3504","2025-10-04","29","34","358.26","12180.84","Online","TRUE"
"3505","2026-07-09","178","7","681.36","4769.52","Partner","TRUE"
"3506","2025-09-29","56","4","1044.58","4178.32","Direct","TRUE"
"3507","2025-04-28","9","12","596.71","7160.52","Online","TRUE"
"3508","2024-11-05","93","2","1027.15","2054.3","Retail","TRUE"
"3509","2025-04-20","103","21","431.87","9069.27","Partner","TRUE"
"3510","2026-04-25","183","14","206.82","2895.48","Retail","TRUE"
"3511","2025-09-10","190","21","509.73","10704.33","Retail","TRUE"
"3512","2025-10-19","140","22","13.33","293.26","Retail","TRUE"
"3513","2025-01-07","162","17","92.77","1577.09","Online","FALSE"
"3514","2026-03-07","97","23","880.05","20241.15","Retail","TRUE"
"3515","2024-10-20","134","21","171.64","3604.44","Direct","TRUE"
"3516","2024-12-08","131","32","58.24","1863.68","Online","TRUE"
"3517","2026-05-31","15","30","682.52","20475.6","Retail","TRUE"
"3518","2024-10-03","143","35","963.76","33731.6","Online","TRUE"
"3519","2025-02-19","105","26","923.39","24008.14","Partner","TRUE"
"3520","2026-05-14","170","9","684.4","6159.6","Retail","TRUE"
"3521","2025-01-16","16","14","1067.51","14945.14","Partner","FALSE"
"3522","2026-02-07","77","20","555.91","11118.2","Retail","TRUE"
"3523","2025-10-01","8","36","695.17","25026.12","Online","TRUE"
"3524","2026-06-03","14","24","616.68","14800.32","Online","FALSE"
"3525","2026-01-22","174","30","161.21","4836.3","Retail","TRUE"
"3526","2026-07-22","48","38","856.25","32537.5","Online","TRUE"
"3527","2025-01-06","140","34","1098.13","37336.42","Retail","TRUE"
"3528","2025-05-31","133","37","457.46","16926.02","Retail","TRUE"
"3529","2025-10-25","114","20","965.39","19307.8","Direct","TRUE"
"3530","2025-04-07","77","6","742.2","4453.2","Retail","TRUE"
"3531","2026-02-26","49","11","560.05","6160.55","Retail","TRUE"
"3532","2024-11-28","165","28","521.96","14614.88","Partner","TRUE"
"3533","2026-08-16","17","14","456.21","6386.94","Retail","TRUE"
"3534","2024-09-20","15","20","269.67","5393.4","Retail","TRUE"
"3535","2025-03-03","154","35","249.55","8734.25","Retail","TRUE"
"3536","2025-08-27","148","34","448.75","15257.5","Online","TRUE"
"3537","2025-02-05","41","26","117.55","3056.3","Partner","TRUE"
"3538","2026-07-07","48","27","929.53","25097.31","Direct","TRUE"
"3539","2025-02-24","141","26","995.4","25880.4","Online","FALSE"
"3540","2025-10-28","20","20","760.66","15213.2","Online","TRUE"
"3541","2025-03-09","119","12","926.03","11112.36","Retail","FALSE"
"3542","2025-10-19","105","7","903.03","6321.21","Online","TRUE"
"3543","2026-06-16","113","4","643.8","2575.2","Retail","FALSE"
"3544","2026-08-30","57","33","589.81","19463.73","Direct","TRUE"
"3545","2025-07-19","63","19","342.21","6501.99","Partner","FALSE"
"3546","2026-04-24","44","12","1134.83","13617.96","Partner","TRUE"
"3547","2026-05-09","28","29","966.83","28038.07","Retail","TRUE"
"3548","2025-12-23","22","31","899.98","27899.38","Retail","TRUE"
"3549","2026-07-16","126","33","1181.15","38977.95","Partner","TRUE"
"3550","2025-05-15","194","38","541.22","20566.36","Retail","TRUE"
"3551","2025-10-26","128","7","497.81","3484.67","Online","FALSE"
"3552","2025-03-07","21","3","182.16","546.48","Partner","TRUE"
"3553","2024-11-08","72","24","960.13","23043.12","Online","TRUE"
"3554","2025-07-30","164","2","160.15","320.3","Direct","FALSE"
"3555","2026-05-16","81","36","893.3","32158.8","Retail","TRUE"
"3556","2026-05-10","25","2","872.4","1744.8","Online","TRUE"
"3557","2025-11-22","131","37","417.99","15465.63","Online","TRUE"
"3558","2026-08-03","32","37","497.62","18411.94","Direct","TRUE"
"3559","2025-07-28","79","37","313.67","11605.79","Online","TRUE"
"3560","2026-06-25","150","15","842.86","12642.9","Retail","TRUE"
"3561","2024-10-11","34","34","1139.63","38747.42","Direct","TRUE"
"3562","2025-02-18","140","35","589.45","20630.75","Online","TRUE"
"3563","2025-11-22","142","24","752.65","18063.6","Retail","TRUE"
"3564","2026-05-27","127","3","534.95","1604.85","Retail","TRUE"
"3565","2025-11-14","89","7","417.26","2920.82","Retail","TRUE"
"3566","2024-12-31","191","39","980.87","38253.93","Online","TRUE"
"3567","2026-07-22","76","22","58.12","1278.64","Online","TRUE"
"3568","2026-07-15","128","39","141","5499","Direct","TRUE"
"3569","2025-12-01","117","24","584.82","14035.68","Online","FALSE"
"3570","2026-01-11","86","2","501.05","1002.1","Retail","TRUE"
"3571","2026-08-24","33","35","560.06","19602.1","Partner","TRUE"
"3572","2025-07-30","193","26","986.78","25656.28","Partner","TRUE"
"3573","2026-07-28","175","11","121.08","1331.88","Online","TRUE"
"3574","2024-09-17","193","32","1184.44","37902.08","Partner","FALSE"
"3575","2026-05-12","130","6","1059.16","6354.96","Online","TRUE"
"3576","2024-12-15","155","4","232.54","930.16","Direct","TRUE"
"3577","2025-08-10","112","13","503.92","6550.96","Online","TRUE"
"3578","2026-04-29","16","14","393.98","5515.72","Direct","TRUE"
"3579","2025-07-28","178","25","818.77","20469.25","Partner","FALSE"
"3580","2025-08-04","158","3","1149.37","3448.11","Direct","FALSE"
"3581","2026-09-01","129","32","570.6","18259.2","Direct","TRUE"
"3582","2025-10-20","33","12","620.22","7442.64","Partner","TRUE"
"3583","2025-01-12","178","4","505.41","2021.64","Retail","TRUE"
"3584","2024-11-26","89","3","164.76","494.28","Online","TRUE"
"3585","2026-06-24","68","6","559.35","3356.1","Online","TRUE"
"3586","2026-09-10","77","36","925.05","33301.8","Partner","TRUE"
"3587","2025-06-07","190","30","729.09","21872.7","Retail","TRUE"
"3588","2026-02-17","53","31","629.72","19521.32","Online","TRUE"
"3589","2024-11-27","167","15","667.46","10011.9","Retail","TRUE"
"3590","2025-07-09","134","3","81.56","244.68","Direct","TRUE"
"3591","2025-11-10","158","35","1130.85","39579.75","Partner","TRUE"
"3592","2025-02-28","128","12","385.07","4620.84","Retail","TRUE"
"3593","2026-09-10","27","6","461.03","2766.18","Retail","TRUE"
"3594","2025-07-21","138","17","1139.57","19372.69","Direct","TRUE"
"3595","2024-12-24","28","16","732.6","11721.6","Online","TRUE"
"3596","2025-03-03","133","4","366.74","1466.96","Retail","TRUE"
"3597","2025-03-31","171","1","331.7","331.7","Online","TRUE"
"3598","2025-12-19","38","15","902.6","13539","Online","TRUE"
"3599","2025-03-05","164","27","915.56","24720.12","Direct","TRUE"
"3600","2026-03-27","191","15","292.86","4392.9","Retail","FALSE"
"3601","2024-09-19","195","31","886.33","27476.23","Partner","TRUE"
"3602","2026-01-19","96","19","119.7","2274.3","Partner","TRUE"
"3603","2026-06-02","156","21","1079.97","22679.37","Partner","TRUE"
"3604","2026-01-16","127","7","122.6","858.2","Partner","TRUE"
"3605","2026-05-23","127","15","772.97","11594.55","Retail","TRUE"
"3606","2025-07-07","155","5","913.57","4567.85","Direct","TRUE"
"3607","2026-07-16","52","1","283.56","283.56","Retail","TRUE"
"3608","2026-03-08","173","8","913.48","7307.84","Online","TRUE"
"3609","2026-01-09","17","1","33.2","33.2","Online","TRUE"
"3610","2026-06-09","88","33","665.22","21952.26","Partner","FALSE"
"3611","2024-10-20","52","10","262.16","2621.6","Retail","TRUE"
"3612","2024-11-04","69","31","181.53","5627.43","Direct","TRUE"
"3613","2026-01-23","113","20","852.78","17055.6","Online","TRUE"
"3614","2026-08-06","138","4","679.33","2717.32","Retail","TRUE"
"3615","2026-05-07","113","23","1180.15","27143.45","Online","TRUE"
"3616","2025-01-20","76","14","92.59","1296.26","Direct","TRUE"
"3617","2025-08-06","121","29","764.32","22165.28","Direct","FALSE"
"3618","2025-01-20","120","22","451.83","9940.26","Direct","FALSE"
"3619","2025-08-08","143","17","883.77","15024.09","Retail","TRUE"
"3620","2026-05-09","183","15","215.12","3226.8","Partner","TRUE"
"3621","2025-09-06","60","30","42.71","1281.3","Online","TRUE"
"3622","2025-11-24","117","28","1191.75","33369","Retail","TRUE"
"3623","2025-12-07","91","27","740.84","20002.68","Retail","TRUE"
"3624","2026-07-14","10","26","1037.02","26962.52","Direct","TRUE"
"3625","2024-10-29","68","37","254.68","9423.16","Direct","TRUE"
"3626","2024-11-17","56","16","922.5","14760","Direct","TRUE"
"3627","2024-12-23","190","18","1000.91","18016.38","Partner","TRUE"
"3628","2025-09-26","101","15","1026.97","15404.55","Partner","TRUE"
"3629","2024-12-16","145","11","558.64","6145.04","Direct","TRUE"
"3630","2024-10-06","114","18","599.22","10785.96","Partner","TRUE"
"3631","2025-05-11","184","37","451.58","16708.46","Direct","TRUE"
"3632","2026-06-08","136","19","490.51","9319.69","Direct","TRUE"
"3633","2026-05-14","112","21","107.94","2266.74","Partner","TRUE"
"3634","2026-05-21","21","25","751.33","18783.25","Retail","TRUE"
"3635","2025-10-28","58","15","999.73","14995.95","Direct","TRUE"
"3636","2024-12-07","112","39","1130.2","44077.8","Partner","TRUE"
"3637","2026-03-03","86","3","1073.5","3220.5","Direct","TRUE"
"3638","2026-07-11","12","25","596.16","14904","Partner","TRUE"
"3639","2024-12-09","5","15","964.5","14467.5","Partner","FALSE"
"3640","2025-02-16","127","4","977.58","3910.32","Partner","FALSE"
"3641","2025-10-23","14","31","586.63","18185.53","Retail","TRUE"
"3642","2025-07-22","19","32","1072.98","34335.36","Direct","TRUE"
"3643","2025-07-04","95","37","49.75","1840.75","Retail","TRUE"
"3644","2025-07-08","3","23","982.87","22606.01","Online","FALSE"
"3645","2025-04-09","95","15","938.7","14080.5","Retail","TRUE"
"3646","2025-04-27","23","16","906.44","14503.04","Online","FALSE"
"3647","2025-12-31","166","8","134.32","1074.56","Direct","TRUE"
"3648","2024-12-26","47","25","688.36","17209","Direct","TRUE"
"3649","2025-03-20","181","3","23.25","69.75","Direct","TRUE"
"3650","2025-02-26","77","14","1048.64","14680.96","Online","FALSE"
"3651","2025-02-23","147","39","448.98","17510.22","Online","FALSE"
"3652","2026-06-12","147","25","11.9","297.5","Retail","FALSE"
"3653","2026-03-17","161","12","271.36","3256.32","Retail","TRUE"
"3654","2025-07-17","44","22","1113.57","24498.54","Direct","FALSE"
"3655","2025-03-23","109","3","294.38","883.14","Direct","TRUE"
"3656","2026-03-19","73","5","1161.48","5807.4","Partner","TRUE"
"3657","2026-06-04","187","2","956.2","1912.4","Direct","TRUE"
"3658","2024-12-29","169","32","772.62","24723.84","Retail","FALSE"
"3659","2025-11-07","113","9","163.64","1472.76","Retail","TRUE"
"3660","2026-03-10","173","33","754.47","24897.51","Online","TRUE"
"3661","2026-02-25","125","19","420.32","7986.08","Online","TRUE"
"3662","2026-08-28","57","18","869.75","15655.5","Partner","TRUE"
"3663","2025-01-13","109","35","799.29","27975.15","Online","TRUE"
"3664","2026-07-25","194","15","382.63","5739.45","Direct","FALSE"
"3665","2026-06-29","9","2","323.98","647.96","Retail","TRUE"
"3666","2025-03-23","40","13","188.75","2453.75","Online","TRUE"
"3667","2026-07-18","172","16","836.41","13382.56","Online","TRUE"
"3668","2026-05-01","89","37","373.84","13832.08","Retail","TRUE"
"3669","2026-04-10","44","37","968.94","35850.78","Direct","FALSE"
"3670","2026-08-12","173","6","1176.91","7061.46","Direct","TRUE"
"3671","2025-04-14","142","18","144.7","2604.6","Direct","FALSE"
"3672","2026-06-20","65","12","609.24","7310.88","Direct","TRUE"
"3673","2024-10-27","134","16","914.87","14637.92","Partner","FALSE"
"3674","2025-10-13","93","29","1011.7","29339.3","Retail","FALSE"
"3675","2026-08-01","148","39","617.84","24095.76","Online","FALSE"
"3676","2026-08-21","130","2","1010.5","2021","Partner","TRUE"
"3677","2026-01-12","132","19","731.32","13895.08","Direct","FALSE"
"3678","2026-02-07","25","35","632.34","22131.9","Direct","TRUE"
"3679","2024-10-23","128","27","134.6","3634.2","Online","FALSE"
"3680","2026-09-10","119","8","1133.28","9066.24","Retail","TRUE"
"3681","2025-09-24","129","10","531.08","5310.8","Retail","TRUE"
"3682","2026-01-30","14","38","918.81","34914.78","Direct","TRUE"
"3683","2025-09-07","74","12","933.85","11206.2","Direct","TRUE"
"3684","2026-01-16","191","22","1153.38","25374.36","Partner","TRUE"
"3685","2025-02-18","134","34","383.17","13027.78","Retail","TRUE"
"3686","2024-10-14","95","38","783.67","29779.46","Online","TRUE"
"3687","2025-04-29","59","34","34.03","1157.02","Partner","TRUE"
"3688","2025-10-07","117","4","320.53","1282.12","Online","TRUE"
"3689","2026-05-14","140","25","256.59","6414.75","Online","FALSE"
"3690","2025-10-10","139","37","719.39","26617.43","Direct","FALSE"
"3691","2026-06-04","5","17","967.1","16440.7","Direct","TRUE"
"3692","2026-03-20","117","36","971.75","34983","Online","FALSE"
"3693","2024-10-08","82","26","244.69","6361.94","Partner","TRUE"
"3694","2026-09-08","17","36","872.28","31402.08","Online","TRUE"
"3695","2024-10-14","86","21","799.44","16788.24","Partner","TRUE"
"3696","2025-12-12","50","32","1148.65","36756.8","Partner","TRUE"
"3697","2024-12-12","196","7","115.27","806.89","Partner","TRUE"
"3698","2025-03-29","72","19","170.9","3247.1","Direct","TRUE"
"3699","2026-07-22","58","10","231.09","2310.9","Partner","TRUE"
"3700","2025-02-19","109","3","695.18","2085.54","Retail","TRUE"
"3701","2026-03-18","34","2","651.46","1302.92","Direct","TRUE"
"3702","2025-02-06","112","26","871.95","22670.7","Online","TRUE"
"3703","2026-08-18","73","31","1081.02","33511.62","Retail","TRUE"
"3704","2025-05-22","102","20","544.07","10881.4","Partner","TRUE"
"3705","2026-06-14","31","39","1120.51","43699.89","Online","FALSE"
"3706","2025-10-11","14","29","906.24","26280.96","Direct","TRUE"
"3707","2026-01-15","75","18","1158.34","20850.12","Online","TRUE"
"3708","2026-05-30","68","33","709.33","23407.89","Retail","TRUE"
"3709","2025-05-04","14","4","407.38","1629.52","Direct","TRUE"
"3710","2026-05-02","10","20","494.61","9892.2","Direct","TRUE"
"3711","2025-04-04","102","27","480.6","12976.2","Retail","TRUE"
"3712","2026-03-03","78","23","1079.68","24832.64","Retail","TRUE"
"3713","2024-09-30","122","34","547.56","18617.04","Direct","TRUE"
"3714","2026-04-02","169","37","1149.79","42542.23","Retail","TRUE"
"3715","2025-07-17","54","12","350.38","4204.56","Online","TRUE"
"3716","2024-09-30","148","31","495.49","15360.19","Online","FALSE"
"3717","2025-12-29","32","36","1024.63","36886.68","Retail","TRUE"
"3718","2025-11-16","187","4","350.33","1401.32","Direct","TRUE"
"3719","2025-04-05","93","8","609.72","4877.76","Retail","FALSE"
"3720","2025-03-12","103","27","271.48","7329.96","Online","TRUE"
"3721","2025-11-18","47","7","811.57","5680.99","Online","FALSE"
"3722","2026-08-27","181","31","197.77","6130.87","Direct","TRUE"
"3723","2025-03-01","110","28","575.4","16111.2","Retail","FALSE"
"3724","2026-06-12","121","16","1092.53","17480.48","Online","FALSE"
"3725","2025-04-12","51","13","489.41","6362.33","Online","TRUE"
"3726","2025-01-17","133","38","1158.86","44036.68","Online","TRUE"
"3727","2025-02-16","44","17","668.07","11357.19","Retail","TRUE"
"3728","2026-08-06","57","10","411.72","4117.2","Direct","TRUE"
"3729","2025-01-22","92","19","985.02","18715.38","Retail","TRUE"
"3730","2025-07-29","120","31","120.58","3737.98","Online","FALSE"
"3731","2026-03-02","17","5","838.34","4191.7","Direct","TRUE"
"3732","2025-05-03","43","32","773.74","24759.68","Online","TRUE"
"3733","2024-10-15","196","38","1052.83","40007.54","Partner","TRUE"
"3734","2025-05-28","10","38","521.21","19805.98","Online","TRUE"
"3735","2025-08-27","23","11","1057.97","11637.67","Retail","TRUE"
"3736","2025-11-07","83","4","420.01","1680.04","Partner","TRUE"
"3737","2026-08-30","59","34","335.77","11416.18","Retail","TRUE"
"3738","2025-08-24","12","37","279.84","10354.08","Online","TRUE"
"3739","2026-04-18","104","34","633.25","21530.5","Partner","TRUE"
"3740","2025-12-28","85","6","211.31","1267.86","Online","TRUE"
"3741","2026-01-08","65","3","1193.06","3579.18","Online","TRUE"
"3742","2025-12-31","8","35","816.43","28575.05","Online","TRUE"
"3743","2025-01-15","111","35","576.2","20167","Partner","FALSE"
"3744","2024-11-24","43","27","266.85","7204.95","Direct","TRUE"
"3745","2026-07-09","176","1","1030.77","1030.77","Online","TRUE"
"3746","2025-06-16","71","3","921.56","2764.68","Partner","TRUE"
"3747","2026-01-26","194","23","186.7","4294.1","Online","TRUE"
"3748","2026-08-09","161","24","357.7","8584.8","Retail","TRUE"
"3749","2025-07-31","40","15","521.29","7819.35","Retail","TRUE"
"3750","2025-05-21","191","10","920.73","9207.3","Direct","TRUE"
"3751","2024-10-03","154","10","749.89","7498.9","Direct","TRUE"
"3752","2026-01-29","2","4","47.86","191.44","Partner","TRUE"
"3753","2025-08-16","67","19","1117.85","21239.15","Direct","FALSE"
"3754","2024-10-08","116","26","1082.46","28143.96","Direct","TRUE"
"3755","2025-07-17","171","32","1117.78","35768.96","Partner","TRUE"
"3756","2026-06-05","26","6","579.32","3475.92","Partner","TRUE"
"3757","2026-05-22","137","25","942.97","23574.25","Online","FALSE"
"3758","2024-11-08","6","17","923.53","15700.01","Partner","TRUE"
"3759","2025-12-22","161","29","579.39","16802.31","Direct","TRUE"
"3760","2025-01-18","49","17","328.08","5577.36","Online","TRUE"
"3761","2026-03-14","99","12","469.27","5631.24","Retail","TRUE"
"3762","2025-10-23","46","18","398.52","7173.36","Direct","TRUE"
"3763","2024-12-08","79","8","1140.85","9126.8","Online","TRUE"
"3764","2025-05-10","132","32","268.35","8587.2","Online","TRUE"
"3765","2024-10-22","27","24","212.43","5098.32","Direct","TRUE"
"3766","2026-05-08","200","13","704.21","9154.73","Partner","TRUE"
"3767","2025-03-02","39","31","569.73","17661.63","Online","FALSE"
"3768","2026-03-17","198","23","884.11","20334.53","Retail","TRUE"
"3769","2025-05-08","190","25","832.79","20819.75","Partner","TRUE"
"3770","2025-08-25","19","24","242.14","5811.36","Online","TRUE"
"3771","2025-06-09","157","14","460.09","6441.26","Retail","TRUE"
"3772","2025-03-04","182","36","456.01","16416.36","Partner","FALSE"
"3773","2025-06-08","112","6","272.7","1636.2","Direct","FALSE"
"3774","2026-04-17","127","23","988.59","22737.57","Retail","TRUE"
"3775","2024-10-12","159","9","322.5","2902.5","Direct","TRUE"
"3776","2026-04-25","186","5","714.26","3571.3","Direct","TRUE"
"3777","2025-06-16","174","13","25.62","333.06","Partner","TRUE"
"3778","2025-05-09","185","14","493.61","6910.54","Direct","TRUE"
"3779","2024-12-06","1","25","235.35","5883.75","Online","TRUE"
"3780","2025-03-26","155","16","279.36","4469.76","Online","TRUE"
"3781","2025-05-14","68","3","957.23","2871.69","Direct","FALSE"
"3782","2024-09-14","165","10","353.81","3538.1","Partner","TRUE"
"3783","2026-04-08","179","27","674.28","18205.56","Partner","FALSE"
"3784","2026-02-20","52","36","554.29","19954.44","Direct","FALSE"
"3785","2025-09-25","15","14","314.43","4402.02","Retail","TRUE"
"3786","2025-01-14","137","26","402.13","10455.38","Retail","FALSE"
"3787","2025-10-14","21","11","144.1","1585.1","Retail","FALSE"
"3788","2026-02-06","57","36","306.45","11032.2","Online","TRUE"
"3789","2025-02-13","96","33","772.63","25496.79","Retail","TRUE"
"3790","2026-06-15","126","23","1116.06","25669.38","Partner","TRUE"
"3791","2025-03-23","182","23","228.14","5247.22","Partner","TRUE"
"3792","2026-06-02","177","18","1115.17","20073.06","Partner","TRUE"
"3793","2024-11-16","108","15","1028.98","15434.7","Online","FALSE"
"3794","2025-08-27","48","6","923.79","5542.74","Retail","TRUE"
"3795","2025-02-06","3","38","1175.15","44655.7","Partner","FALSE"
"3796","2025-09-23","64","25","1128.31","28207.75","Online","TRUE"
"3797","2025-10-21","125","22","1066.74","23468.28","Direct","TRUE"
"3798","2026-08-15","36","36","689.36","24816.96","Retail","TRUE"
"3799","2024-12-05","23","1","568.07","568.07","Direct","TRUE"
"3800","2026-02-28","181","23","100.43","2309.89","Partner","TRUE"
"3801","2024-11-09","17","3","775.07","2325.21","Partner","TRUE"
"3802","2024-09-25","133","26","334.55","8698.3","Direct","FALSE"
"3803","2025-03-07","49","32","368.12","11779.84","Online","TRUE"
"3804","2025-05-11","85","6","991.99","5951.94","Retail","TRUE"
"3805","2025-02-08","187","6","348.14","2088.84","Retail","TRUE"
"3806","2025-04-17","111","19","952.34","18094.46","Partner","TRUE"
"3807","2024-12-15","92","17","222.68","3785.56","Direct","TRUE"
"3808","2026-01-22","66","37","886.39","32796.43","Partner","TRUE"
"3809","2025-07-17","87","29","302.42","8770.18","Direct","TRUE"
"3810","2025-12-03","189","8","796.4","6371.2","Retail","FALSE"
"3811","2025-10-17","64","11","224.95","2474.45","Retail","TRUE"
"3812","2025-03-11","76","7","401.7","2811.9","Direct","TRUE"
"3813","2025-06-21","22","7","21.29","149.03","Direct","TRUE"
"3814","2025-11-09","159","35","1019.15","35670.25","Partner","TRUE"
"3815","2026-01-24","136","28","1002.04","28057.12","Online","TRUE"
"3816","2025-08-20","84","17","1181.18","20080.06","Retail","TRUE"
"3817","2025-03-22","117","1","724.97","724.97","Partner","TRUE"
"3818","2026-03-20","107","18","968.63","17435.34","Partner","FALSE"
"3819","2026-02-24","138","2","490.31","980.62","Partner","TRUE"
"3820","2024-12-20","3","13","418.73","5443.49","Online","TRUE"
"3821","2025-05-26","68","16","1168.33","18693.28","Retail","TRUE"
"3822","2024-11-30","163","19","786.25","14938.75","Online","FALSE"
"3823","2026-02-21","134","29","1197.07","34715.03","Retail","TRUE"
"3824","2026-07-31","133","35","983.04","34406.4","Partner","TRUE"
"3825","2025-12-11","126","16","1080.72","17291.52","Direct","FALSE"
"3826","2025-05-03","148","14","943.4","13207.6","Online","TRUE"
"3827","2025-07-13","52","6","1163.24","6979.44","Online","TRUE"
"3828","2024-10-02","56","3","1104.77","3314.31","Online","FALSE"
"3829","2025-01-02","187","30","677.82","20334.6","Online","FALSE"
"3830","2026-04-06","81","19","718.33","13648.27","Direct","TRUE"
"3831","2025-08-20","122","39","586.53","22874.67","Partner","FALSE"
"3832","2025-04-27","69","26","218.21","5673.46","Partner","TRUE"
"3833","2025-09-23","183","35","1015.34","35536.9","Partner","TRUE"
"3834","2024-11-11","75","1","67.43","67.43","Online","TRUE"
"3835","2026-04-28","68","13","160.46","2085.98","Direct","TRUE"
"3836","2025-12-12","130","34","851.79","28960.86","Retail","TRUE"
"3837","2024-10-11","171","29","334.62","9703.98","Direct","FALSE"
"3838","2024-12-22","82","8","60.59","484.72","Partner","FALSE"
"3839","2025-12-30","35","4","543.99","2175.96","Retail","TRUE"
"3840","2026-06-28","109","26","962.78","25032.28","Online","TRUE"
"3841","2025-08-03","51","6","276.5","1659","Online","TRUE"
"3842","2025-06-21","178","2","1120.19","2240.38","Retail","FALSE"
"3843","2026-01-10","142","19","559.29","10626.51","Retail","TRUE"
"3844","2025-06-22","82","11","403.74","4441.14","Online","TRUE"
"3845","2025-07-07","131","38","1173.86","44606.68","Online","TRUE"
"3846","2026-03-03","24","10","715.18","7151.8","Partner","TRUE"
"3847","2026-03-20","186","14","797.1","11159.4","Retail","TRUE"
"3848","2026-08-14","30","20","89.96","1799.2","Partner","TRUE"
"3849","2026-06-15","123","16","987.97","15807.52","Online","TRUE"
"3850","2025-10-09","50","15","454.25","6813.75","Online","FALSE"
"3851","2026-02-11","70","17","191.46","3254.82","Partner","TRUE"
"3852","2025-09-15","196","16","312.04","4992.64","Online","FALSE"
"3853","2025-11-30","135","14","175.46","2456.44","Online","FALSE"
"3854","2025-09-24","135","31","74.92","2322.52","Partner","TRUE"
"3855","2025-09-27","165","34","918.56","31231.04","Partner","TRUE"
"3856","2025-07-16","110","38","844.79","32102.02","Direct","TRUE"
"3857","2025-03-30","172","1","1082.74","1082.74","Partner","TRUE"
"3858","2025-12-23","193","18","56.81","1022.58","Partner","TRUE"
"3859","2025-07-17","177","2","888.12","1776.24","Retail","TRUE"
"3860","2026-09-05","154","15","571.86","8577.9","Retail","TRUE"
"3861","2025-06-13","132","18","1038.06","18685.08","Retail","TRUE"
"3862","2026-01-13","14","25","112.72","2818","Online","TRUE"
"3863","2025-05-31","42","38","150.5","5719","Retail","TRUE"
"3864","2025-06-03","145","24","990.13","23763.12","Direct","TRUE"
"3865","2025-04-25","99","36","273.28","9838.08","Direct","FALSE"
"3866","2026-02-22","190","4","316.38","1265.52","Online","FALSE"
"3867","2025-11-02","158","10","981.78","9817.8","Retail","TRUE"
"3868","2024-12-03","194","22","1036.98","22813.56","Retail","TRUE"
"3869","2026-03-17","52","35","669.74","23440.9","Partner","TRUE"
"3870","2025-05-07","19","29","225.14","6529.06","Retail","TRUE"
"3871","2025-07-21","50","39","865.03","33736.17","Retail","FALSE"
"3872","2026-05-21","11","33","205.48","6780.84","Retail","TRUE"
"3873","2025-05-23","125","20","780.24","15604.8","Direct","TRUE"
"3874","2026-05-27","178","25","163.06","4076.5","Partner","TRUE"
"3875","2024-09-18","188","6","782.56","4695.36","Retail","TRUE"
"3876","2024-10-25","199","4","1006.98","4027.92","Direct","TRUE"
"3877","2024-10-05","24","23","78.3","1800.9","Partner","TRUE"
"3878","2026-06-14","48","13","410.81","5340.53","Direct","FALSE"
"3879","2025-07-18","91","23","709","16307","Partner","TRUE"
"3880","2024-10-29","67","15","871.51","13072.65","Online","TRUE"
"3881","2024-11-20","24","3","91.85","275.55","Retail","TRUE"
"3882","2025-02-17","56","25","776.63","19415.75","Online","TRUE"
"3883","2025-06-25","60","29","110.08","3192.32","Partner","TRUE"
"3884","2025-11-18","6","15","833","12495","Retail","TRUE"
"3885","2026-06-23","30","26","127.24","3308.24","Online","TRUE"
"3886","2024-10-31","18","16","1052.3","16836.8","Online","TRUE"
"3887","2025-01-24","35","13","1171.12","15224.56","Partner","TRUE"
"3888","2024-11-11","180","38","780.63","29663.94","Partner","TRUE"
"3889","2025-06-30","168","29","156.23","4530.67","Direct","TRUE"
"3890","2025-01-04","37","29","17.8","516.2","Partner","FALSE"
"3891","2025-01-12","26","28","161.67","4526.76","Direct","TRUE"
"3892","2025-12-08","77","28","385.15","10784.2","Online","TRUE"
"3893","2025-10-12","172","26","103.37","2687.62","Retail","TRUE"
"3894","2026-05-25","150","16","432.48","6919.68","Partner","FALSE"
"3895","2025-03-12","150","7","34.52","241.64","Retail","FALSE"
"3896","2026-03-03","54","6","109.55","657.3","Partner","FALSE"
"3897","2025-06-27","122","29","396.03","11484.87","Online","TRUE"
"3898","2025-10-31","171","5","534.27","2671.35","Partner","TRUE"
"3899","2024-11-14","136","7","121.66","851.62","Direct","TRUE"
"3900","2025-08-24","9","4","940.54","3762.16","Online","TRUE"
"3901","2025-07-26","40","17","490.52","8338.84","Direct","TRUE"
"3902","2025-03-31","10","28","305.8","8562.4","Online","TRUE"
"3903","2024-10-11","54","39","859.54","33522.06","Retail","TRUE"
"3904","2024-09-18","108","19","488.68","9284.92","Partner","TRUE"
"3905","2025-09-29","13","16","794.69","12715.04","Retail","TRUE"
"3906","2025-04-05","120","32","269.1","8611.2","Online","TRUE"
"3907","2024-09-24","158","11","803.39","8837.29","Retail","TRUE"
"3908","2026-06-26","33","19","1011.44","19217.36","Online","FALSE"
"3909","2025-05-19","46","28","914.68","25611.04","Direct","TRUE"
"3910","2026-02-26","140","28","1124.34","31481.52","Retail","TRUE"
"3911","2025-09-15","137","20","752.11","15042.2","Retail","TRUE"
"3912","2024-11-11","156","35","448.59","15700.65","Partner","FALSE"
"3913","2026-07-26","28","38","794.66","30197.08","Retail","TRUE"
"3914","2026-03-29","79","8","997.74","7981.92","Online","TRUE"
"3915","2026-03-14","166","20","473.08","9461.6","Online","TRUE"
"3916","2024-10-29","145","11","509.96","5609.56","Partner","TRUE"
"3917","2025-06-21","187","8","1072.09","8576.72","Direct","TRUE"
"3918","2026-04-08","95","6","794.83","4768.98","Retail","TRUE"
"3919","2025-07-11","85","27","316.96","8557.92","Retail","TRUE"
"3920","2025-02-05","170","35","1047.54","36663.9","Direct","FALSE"
"3921","2024-12-10","41","23","1156.99","26610.77","Direct","TRUE"
"3922","2024-09-25","130","14","654.24","9159.36","Retail","TRUE"
"3923","2026-02-17","122","1","747.38","747.38","Partner","TRUE"
"3924","2025-09-07","36","3","889.98","2669.94","Partner","FALSE"
"3925","2026-07-23","116","30","959.07","28772.1","Direct","TRUE"
"3926","2026-05-11","90","8","432.09","3456.72","Retail","TRUE"
"3927","2025-06-24","11","22","669.34","14725.48","Retail","TRUE"
"3928","2025-08-26","38","31","1064.83","33009.73","Partner","TRUE"
"3929","2025-11-24","156","34","790.17","26865.78","Partner","TRUE"
"3930","2024-11-04","104","32","1153.47","36911.04","Partner","TRUE"
"3931","2026-07-06","169","26","801.93","20850.18","Direct","TRUE"
"3932","2025-04-22","38","11","13.44","147.84","Online","FALSE"
"3933","2024-12-16","170","39","123.93","4833.27","Direct","FALSE"
"3934","2024-11-14","63","1","844.14","844.14","Online","TRUE"
"3935","2026-09-04","90","20","934.09","18681.8","Online","TRUE"
"3936","2025-02-24","189","2","750.65","1501.3","Retail","TRUE"
"3937","2026-04-09","157","9","347.03","3123.27","Direct","FALSE"
"3938","2025-10-28","33","4","822.14","3288.56","Partner","TRUE"
"3939","2025-02-13","137","16","678.13","10850.08","Partner","TRUE"
"3940","2026-05-29","23","38","670.76","25488.88","Online","FALSE"
"3941","2026-02-13","194","32","306.26","9800.32","Direct","TRUE"
"3942","2025-05-08","74","5","61.99","309.95","Direct","TRUE"
"3943","2024-12-10","158","31","979.08","30351.48","Direct","FALSE"
"3944","2026-05-28","137","10","52.17","521.7","Direct","TRUE"
"3945","2025-08-03","171","11","813.13","8944.43","Retail","TRUE"
"3946","2024-11-23","68","24","333.08","7993.92","Retail","TRUE"
"3947","2026-06-03","197","23","297.72","6847.56","Online","TRUE"
"3948","2026-07-08","163","7","1047.47","7332.29","Retail","FALSE"
"3949","2025-08-25","9","16","835.26","13364.16","Partner","TRUE"
"3950","2026-02-25","140","16","1187.77","19004.32","Online","FALSE"
"3951","2025-08-18","99","37","168.37","6229.69","Direct","TRUE"
"3952","2025-04-20","145","31","758.82","23523.42","Retail","TRUE"
"3953","2025-11-08","25","19","1152.97","21906.43","Partner","TRUE"
"3954","2025-09-24","113","36","870.94","31353.84","Direct","TRUE"
"3955","2026-05-25","140","5","104.08","520.4","Online","TRUE"
"3956","2026-06-02","182","26","1011.08","26288.08","Direct","TRUE"
"3957","2025-01-29","35","9","336.85","3031.65","Online","TRUE"
"3958","2024-10-16","23","38","1076.77","40917.26","Online","TRUE"
"3959","2026-05-07","175","22","322.91","7104.02","Direct","FALSE"
"3960","2025-04-10","64","29","166.52","4829.08","Direct","TRUE"
"3961","2026-03-07","80","14","795.18","11132.52","Retail","TRUE"
"3962","2025-05-31","83","36","88","3168","Partner","TRUE"
"3963","2025-10-24","137","11","841","9251","Direct","TRUE"
"3964","2025-12-21","92","20","342.65","6853","Direct","TRUE"
"3965","2026-07-10","65","24","1098.3","26359.2","Partner","TRUE"
"3966","2025-05-23","47","28","906.95","25394.6","Online","TRUE"
"3967","2025-12-02","127","33","346.12","11421.96","Direct","TRUE"
"3968","2025-10-31","145","22","808.63","17789.86","Retail","TRUE"
"3969","2026-07-25","144","1","826.35","826.35","Retail","TRUE"
"3970","2024-10-07","172","3","519.71","1559.13","Partner","TRUE"
"3971","2025-03-30","56","18","165.28","2975.04","Partner","TRUE"
"3972","2025-06-21","74","11","1018.3","11201.3","Partner","FALSE"
"3973","2026-07-12","80","23","485.47","11165.81","Partner","TRUE"
"3974","2026-03-31","77","34","1156.88","39333.92","Partner","FALSE"
"3975","2025-07-01","23","18","905.46","16298.28","Direct","TRUE"
"3976","2025-06-27","126","5","1015.94","5079.7","Online","TRUE"
"3977","2025-10-12","48","1","295.55","295.55","Partner","FALSE"
"3978","2025-07-02","57","29","129.83","3765.07","Direct","TRUE"
"3979","2026-09-04","170","16","555.27","8884.32","Retail","TRUE"
"3980","2025-07-28","81","31","899.81","27894.11","Direct","TRUE"
"3981","2024-12-27","72","39","60.61","2363.79","Direct","TRUE"
"3982","2024-10-21","136","36","380.23","13688.28","Online","TRUE"
"3983","2025-04-02","108","37","212.54","7863.98","Online","TRUE"
"3984","2025-08-30","99","21","1198.69","25172.49","Retail","TRUE"
"3985","2026-01-13","143","28","992.44","27788.32","Online","TRUE"
"3986","2026-07-04","131","33","146.91","4848.03","Retail","FALSE"
"3987","2025-02-10","117","5","476.11","2380.55","Online","TRUE"
"3988","2025-01-28","54","25","1119.23","27980.75","Partner","FALSE"
"3989","2026-05-06","52","33","239.16","7892.28","Partner","TRUE"
"3990","2026-01-14","4","22","952.26","20949.72","Retail","FALSE"
"3991","2026-07-03","30","8","732.58","5860.64","Direct","TRUE"
"3992","2025-07-12","36","37","1006.9","37255.3","Direct","TRUE"
"3993","2025-05-03","144","9","711.31","6401.79","Retail","TRUE"
"3994","2026-03-14","134","19","799.66","15193.54","Direct","TRUE"
"3995","2025-10-30","14","31","213.68","6624.08","Direct","TRUE"
"3996","2024-12-13","42","31","1133.56","35140.36","Partner","FALSE"
"3997","2026-08-29","196","37","821.06","30379.22","Online","TRUE"
"3998","2026-09-01","23","33","311.25","10271.25","Online","TRUE"
"3999","2024-10-29","56","6","1130.76","6784.56","Online","FALSE"
"4000","2026-03-26","119","37","612.17","22650.29","Retail","FALSE"
"4001","2025-07-20","106","1","323.95","323.95","Retail","TRUE"
"4002","2026-01-19","5","2","238.88","477.76","Retail","TRUE"
"4003","2025-07-18","183","8","1104.77","8838.16","Direct","TRUE"
"4004","2026-03-31","86","25","970.63","24265.75","Retail","TRUE"
"4005","2026-06-29","185","20","806.46","16129.2","Online","TRUE"
"4006","2024-11-13","94","31","1188.3","36837.3","Online","TRUE"
"4007","2025-09-13","119","14","736.36","10309.04","Direct","TRUE"
"4008","2024-11-21","145","35","773.3","27065.5","Retail","TRUE"
"4009","2026-06-07","172","21","194.87","4092.27","Partner","TRUE"
"4010","2026-04-23","125","33","733.21","24195.93","Partner","TRUE"
"4011","2025-06-11","98","38","616.33","23420.54","Partner","FALSE"
"4012","2026-02-07","141","23","84.64","1946.72","Direct","TRUE"
"4013","2026-08-24","84","30","744.77","22343.1","Retail","TRUE"
"4014","2026-07-10","53","18","99.65","1793.7","Retail","FALSE"
"4015","2024-10-12","131","1","314","314","Retail","TRUE"
"4016","2026-06-13","34","6","709.05","4254.3","Direct","TRUE"
"4017","2026-03-26","114","3","467.44","1402.32","Online","TRUE"
"4018","2026-08-17","188","33","813.55","26847.15","Retail","FALSE"
"4019","2026-01-15","47","13","417.67","5429.71","Retail","TRUE"
"4020","2024-11-12","180","32","123.92","3965.44","Online","TRUE"
"4021","2025-09-22","84","19","671.65","12761.35","Direct","TRUE"
"4022","2025-08-07","55","15","518.15","7772.25","Direct","FALSE"
"4023","2026-04-11","117","7","794.75","5563.25","Retail","TRUE"
"4024","2026-08-20","142","8","469.81","3758.48","Retail","FALSE"
"4025","2026-04-04","62","8","249.42","1995.36","Partner","FALSE"
"4026","2024-12-28","35","1","819.28","819.28","Partner","FALSE"
"4027","2025-12-11","95","30","1032.31","30969.3","Online","FALSE"
"4028","2025-09-12","56","26","69.71","1812.46","Partner","TRUE"
"4029","2025-11-10","118","39","14.87","579.93","Direct","TRUE"
"4030","2025-12-09","117","35","229.85","8044.75","Retail","TRUE"
"4031","2026-05-24","197","11","310.69","3417.59","Direct","TRUE"
"4032","2025-08-03","120","5","1128.48","5642.4","Retail","TRUE"
"4033","2026-05-28","93","14","936.39","13109.46","Online","TRUE"
"4034","2025-04-05","138","27","350.59","9465.93","Direct","TRUE"
"4035","2024-11-07","30","27","1192.08","32186.16","Retail","TRUE"
"4036","2026-01-31","100","28","926.6","25944.8","Partner","FALSE"
"4037","2026-04-20","46","32","405.94","12990.08","Retail","TRUE"
"4038","2026-09-04","139","26","951.63","24742.38","Direct","TRUE"
"4039","2026-07-28","123","39","238.88","9316.32","Retail","TRUE"
"4040","2024-12-07","74","20","726.52","14530.4","Retail","TRUE"
"4041","2024-11-14","91","17","592.42","10071.14","Direct","TRUE"
"4042","2026-06-18","191","14","1165.89","16322.46","Online","FALSE"
"4043","2025-04-14","15","28","100.93","2826.04","Retail","TRUE"
"4044","2024-12-08","153","13","458.44","5959.72","Retail","TRUE"
"4045","2025-07-18","129","34","13.94","473.96","Retail","TRUE"
"4046","2026-05-22","97","33","291.59","9622.47","Online","TRUE"
"4047","2025-09-04","141","39","569.4","22206.6","Online","FALSE"
"4048","2024-09-24","132","31","264.37","8195.47","Retail","TRUE"
"4049","2024-11-12","160","7","98.39","688.73","Retail","TRUE"
"4050","2025-07-17","119","21","1024.3","21510.3","Retail","TRUE"
"4051","2026-05-05","199","18","260.57","4690.26","Online","TRUE"
"4052","2026-09-04","45","1","1129.97","1129.97","Retail","TRUE"
"4053","2026-06-01","52","17","927.14","15761.38","Online","TRUE"
"4054","2025-08-28","117","7","130.08","910.56","Partner","TRUE"
"4055","2025-03-01","51","30","18.43","552.9","Partner","TRUE"
"4056","2025-05-25","108","34","1048.3","35642.2","Online","TRUE"
"4057","2026-07-09","130","39","229.89","8965.71","Retail","FALSE"
"4058","2026-04-12","73","6","741.04","4446.24","Retail","TRUE"
"4059","2026-04-10","167","8","865.52","6924.16","Online","FALSE"
"4060","2025-10-04","169","20","393.85","7877","Partner","TRUE"
"4061","2026-09-11","157","2","163.4","326.8","Partner","FALSE"
"4062","2025-09-15","144","34","443.2","15068.8","Partner","FALSE"
"4063","2025-06-16","41","36","143.79","5176.44","Partner","TRUE"
"4064","2025-03-06","52","13","290.36","3774.68","Partner","TRUE"
"4065","2025-07-15","46","7","20.75","145.25","Retail","FALSE"
"4066","2025-11-07","78","28","1154","32312","Direct","TRUE"
"4067","2026-07-11","95","38","208.26","7913.88","Direct","TRUE"
"4068","2025-10-19","181","2","445.5","891","Direct","TRUE"
"4069","2025-01-11","154","5","528.58","2642.9","Direct","TRUE"
"4070","2026-08-17","132","36","872.94","31425.84","Online","TRUE"
"4071","2025-06-02","81","22","1027.6","22607.2","Direct","TRUE"
"4072","2024-09-20","183","11","110.61","1216.71","Direct","TRUE"
"4073","2026-05-27","148","12","559.96","6719.52","Partner","FALSE"
"4074","2026-07-11","77","5","93.26","466.3","Partner","FALSE"
"4075","2025-02-13","20","18","961.01","17298.18","Partner","TRUE"
"4076","2026-01-09","107","10","263.09","2630.9","Retail","FALSE"
"4077","2025-06-13","157","26","849.93","22098.18","Online","TRUE"
"4078","2026-04-02","93","24","574.28","13782.72","Retail","TRUE"
"4079","2026-04-14","191","27","1039.43","28064.61","Online","TRUE"
"4080","2025-03-27","195","22","219.58","4830.76","Direct","TRUE"
"4081","2026-08-31","126","2","684.62","1369.24","Direct","TRUE"
"4082","2024-10-31","169","5","192.28","961.4","Online","TRUE"
"4083","2024-12-16","121","33","1071.78","35368.74","Online","TRUE"
"4084","2026-02-26","196","34","43.91","1492.94","Partner","TRUE"
"4085","2025-02-08","189","14","967.75","13548.5","Online","TRUE"
"4086","2026-03-02","40","38","1128.63","42887.94","Direct","TRUE"
"4087","2025-04-18","3","35","758.01","26530.35","Retail","TRUE"
"4088","2026-04-27","53","5","131","655","Partner","FALSE"
"4089","2026-01-30","36","36","369.62","13306.32","Direct","TRUE"
"4090","2025-03-22","37","21","395.08","8296.68","Online","TRUE"
"4091","2025-09-23","51","17","291.01","4947.17","Retail","TRUE"
"4092","2026-06-01","48","7","836.25","5853.75","Online","TRUE"
"4093","2025-03-31","149","14","631.73","8844.22","Partner","TRUE"
"4094","2026-05-01","117","2","562.71","1125.42","Partner","TRUE"
"4095","2026-09-11","147","17","523.6","8901.2","Direct","TRUE"
"4096","2026-06-27","69","5","660.15","3300.75","Partner","FALSE"
"4097","2025-06-28","22","34","1077.48","36634.32","Direct","TRUE"
"4098","2025-02-24","39","19","999.6","18992.4","Partner","TRUE"
"4099","2025-03-19","66","18","508.06","9145.08","Partner","TRUE"
"4100","2026-05-20","80","9","422.36","3801.24","Retail","TRUE"
"4101","2026-05-04","173","4","797.38","3189.52","Retail","TRUE"
"4102","2025-06-06","119","1","545.81","545.81","Online","TRUE"
"4103","2026-08-27","161","34","1051.47","35749.98","Direct","TRUE"
"4104","2025-01-02","199","15","1170.6","17559","Retail","TRUE"
"4105","2025-03-04","8","22","235.15","5173.3","Partner","FALSE"
"4106","2024-11-16","164","39","670.3","26141.7","Direct","TRUE"
"4107","2025-01-08","10","25","76.98","1924.5","Online","TRUE"
"4108","2025-06-09","27","38","879.85","33434.3","Partner","TRUE"
"4109","2024-11-18","63","11","291.32","3204.52","Partner","TRUE"
"4110","2025-03-14","118","37","424.02","15688.74","Online","TRUE"
"4111","2026-08-12","116","11","696.68","7663.48","Partner","FALSE"
"4112","2025-06-16","141","32","1133.93","36285.76","Direct","TRUE"
"4113","2024-12-26","74","27","1056.05","28513.35","Retail","TRUE"
"4114","2025-09-24","44","10","1032.55","10325.5","Online","FALSE"
"4115","2025-06-15","166","28","366.05","10249.4","Direct","TRUE"
"4116","2026-04-19","67","1","1166.49","1166.49","Direct","FALSE"
"4117","2025-04-09","187","30","18.58","557.4","Direct","FALSE"
"4118","2024-10-12","82","14","883.05","12362.7","Online","TRUE"
"4119","2026-07-30","194","38","382.52","14535.76","Direct","FALSE"
"4120","2026-08-05","66","7","276.21","1933.47","Partner","TRUE"
"4121","2026-06-16","111","19","317.07","6024.33","Online","FALSE"
"4122","2024-10-25","137","21","688.61","14460.81","Direct","TRUE"
"4123","2025-10-08","28","26","1017.14","26445.64","Direct","FALSE"
"4124","2025-01-01","199","25","891.73","22293.25","Online","TRUE"
"4125","2025-12-02","135","30","963.73","28911.9","Retail","TRUE"
"4126","2025-12-05","160","12","38.6","463.2","Partner","TRUE"
"4127","2026-07-06","87","28","822.35","23025.8","Retail","TRUE"
"4128","2026-04-18","6","10","616.79","6167.9","Partner","TRUE"
"4129","2026-05-11","47","38","697.28","26496.64","Online","TRUE"
"4130","2024-09-22","139","13","145.6","1892.8","Online","TRUE"
"4131","2026-04-21","76","2","95.1","190.2","Online","FALSE"
"4132","2025-10-15","74","39","986.82","38485.98","Direct","TRUE"
"4133","2025-01-24","51","33","281.47","9288.51","Direct","TRUE"
"4134","2025-08-15","3","14","656.83","9195.62","Direct","TRUE"
"4135","2026-02-03","102","12","352.75","4233","Direct","TRUE"
"4136","2026-05-16","124","2","172.19","344.38","Retail","TRUE"
"4137","2025-09-11","165","34","693.43","23576.62","Retail","TRUE"
"4138","2025-11-13","51","9","1052.68","9474.12","Online","TRUE"
"4139","2026-05-02","173","18","616.67","11100.06","Retail","TRUE"
"4140","2026-06-06","41","4","387.31","1549.24","Retail","FALSE"
"4141","2025-04-12","149","18","144.91","2608.38","Retail","TRUE"
"4142","2024-12-26","82","36","360.53","12979.08","Partner","TRUE"
"4143","2026-01-24","6","5","562.15","2810.75","Partner","TRUE"
"4144","2026-03-07","54","38","992.31","37707.78","Partner","TRUE"
"4145","2025-10-07","153","6","932.14","5592.84","Direct","TRUE"
"4146","2026-02-15","29","9","818.01","7362.09","Direct","FALSE"
"4147","2025-08-04","104","34","1186.61","40344.74","Partner","TRUE"
"4148","2025-08-07","115","1","756.58","756.58","Online","TRUE"
"4149","2025-03-08","104","12","1190.62","14287.44","Direct","TRUE"
"4150","2026-06-11","196","8","112.86","902.88","Direct","TRUE"
"4151","2025-06-25","101","19","433.58","8238.02","Retail","FALSE"
"4152","2025-04-16","140","33","879.7","29030.1","Online","TRUE"
"4153","2024-09-16","159","16","375.04","6000.64","Retail","TRUE"
"4154","2026-06-03","151","37","542.33","20066.21","Retail","FALSE"
"4155","2026-07-10","154","10","408.92","4089.2","Online","TRUE"
"4156","2025-08-19","194","22","1039.51","22869.22","Direct","TRUE"
"4157","2025-07-08","37","38","519.57","19743.66","Direct","TRUE"
"4158","2026-06-17","7","5","1068.42","5342.1","Retail","TRUE"
"4159","2024-11-27","192","22","432.85","9522.7","Partner","TRUE"
"4160","2026-04-06","18","13","75.31","979.03","Online","FALSE"
"4161","2025-12-29","101","2","671.09","1342.18","Online","TRUE"
"4162","2025-09-28","122","20","1153.3","23066","Retail","TRUE"
"4163","2026-04-10","7","29","698.74","20263.46","Retail","FALSE"
"4164","2026-04-23","34","2","760.84","1521.68","Partner","FALSE"
"4165","2025-09-13","172","11","393.75","4331.25","Partner","FALSE"
"4166","2026-01-10","8","28","1090.89","30544.92","Retail","TRUE"
"4167","2025-04-07","153","4","132.07","528.28","Retail","FALSE"
"4168","2026-03-17","41","2","318.9","637.8","Partner","TRUE"
"4169","2026-06-18","65","15","388.98","5834.7","Retail","TRUE"
"4170","2025-01-21","112","26","321.67","8363.42","Online","FALSE"
"4171","2025-02-07","181","34","134.56","4575.04","Online","FALSE"
"4172","2024-12-02","33","33","1090.88","35999.04","Online","FALSE"
"4173","2026-04-05","183","3","377.18","1131.54","Direct","TRUE"
"4174","2025-12-10","83","32","617.65","19764.8","Direct","TRUE"
"4175","2025-03-01","114","27","636.24","17178.48","Direct","TRUE"
"4176","2026-05-21","174","20","263.08","5261.6","Partner","FALSE"
"4177","2026-08-26","143","8","442.18","3537.44","Retail","TRUE"
"4178","2025-12-30","85","13","958.06","12454.78","Direct","TRUE"
"4179","2025-09-12","27","14","270.21","3782.94","Online","TRUE"
"4180","2026-05-24","157","29","832.2","24133.8","Partner","FALSE"
"4181","2025-08-04","139","10","47.22","472.2","Partner","TRUE"
"4182","2026-03-30","162","3","560.06","1680.18","Partner","FALSE"
"4183","2025-06-27","43","32","1142.22","36551.04","Partner","TRUE"
"4184","2025-02-14","100","9","551.96","4967.64","Partner","FALSE"
"4185","2025-12-25","26","26","937.43","24373.18","Online","TRUE"
"4186","2025-10-06","99","34","1169.38","39758.92","Direct","TRUE"
"4187","2026-02-02","110","37","206.87","7654.19","Partner","TRUE"
"4188","2025-04-15","14","37","152.15","5629.55","Online","TRUE"
"4189","2025-05-28","38","11","661.27","7273.97","Partner","TRUE"
"4190","2025-03-16","99","5","239.6","1198","Partner","TRUE"
"4191","2024-10-19","14","33","453.79","14975.07","Online","TRUE"
"4192","2025-10-04","22","8","331.38","2651.04","Direct","TRUE"
"4193","2025-09-11","14","5","772.65","3863.25","Retail","TRUE"
"4194","2024-12-08","109","15","11.03","165.45","Partner","TRUE"
"4195","2026-07-02","67","36","528.64","19031.04","Retail","TRUE"
"4196","2025-12-24","33","27","1044.52","28202.04","Direct","TRUE"
"4197","2025-08-10","196","13","454.52","5908.76","Direct","FALSE"
"4198","2025-09-07","148","30","1183.38","35501.4","Online","TRUE"
"4199","2025-01-01","123","24","324.91","7797.84","Partner","TRUE"
"4200","2024-10-30","117","12","773.1","9277.2","Partner","TRUE"
"4201","2025-07-09","167","9","735.96","6623.64","Direct","TRUE"
"4202","2025-03-28","97","1","1145.7","1145.7","Online","TRUE"
"4203","2026-04-29","175","18","183.5","3303","Online","TRUE"
"4204","2026-02-05","81","11","758.07","8338.77","Partner","TRUE"
"4205","2025-04-03","30","27","115.18","3109.86","Online","TRUE"
"4206","2025-04-18","93","24","1131.26","27150.24","Retail","FALSE"
"4207","2025-09-04","60","20","605.3","12106","Online","TRUE"
"4208","2026-07-16","19","5","1112.02","5560.1","Direct","FALSE"
"4209","2025-06-17","27","15","1193.96","17909.4","Direct","TRUE"
"4210","2024-11-24","184","33","888.86","29332.38","Direct","FALSE"
"4211","2026-07-02","116","32","812.78","26008.96","Direct","FALSE"
"4212","2025-09-08","46","27","867.58","23424.66","Direct","TRUE"
"4213","2025-10-02","98","23","1009.34","23214.82","Online","TRUE"
"4214","2026-05-14","9","7","951.92","6663.44","Direct","TRUE"
"4215","2025-07-23","184","17","965.79","16418.43","Online","TRUE"
"4216","2025-04-10","171","26","803.09","20880.34","Direct","TRUE"
"4217","2024-11-23","31","26","108.18","2812.68","Online","TRUE"
"4218","2025-10-29","87","24","612.38","14697.12","Partner","TRUE"
"4219","2026-05-03","14","24","650.5","15612","Online","TRUE"
"4220","2026-02-13","30","20","1049.72","20994.4","Direct","FALSE"
"4221","2026-04-06","123","7","91.93","643.51","Retail","TRUE"
"4222","2026-01-21","80","24","964.39","23145.36","Direct","FALSE"
"4223","2026-01-03","164","27","511.25","13803.75","Direct","TRUE"
"4224","2026-09-03","96","20","172.37","3447.4","Direct","TRUE"
"4225","2025-12-23","11","35","1001.33","35046.55","Retail","TRUE"
"4226","2025-06-19","8","17","266.11","4523.87","Direct","TRUE"
"4227","2024-12-03","68","16","780.16","12482.56","Retail","TRUE"
"4228","2025-08-04","124","21","749.13","15731.73","Retail","FALSE"
"4229","2025-02-11","177","27","174.38","4708.26","Online","TRUE"
"4230","2025-06-30","138","13","1074.64","13970.32","Direct","TRUE"
"4231","2026-01-19","116","9","684.8","6163.2","Direct","TRUE"
"4232","2026-07-16","100","36","1062.67","38256.12","Retail","TRUE"
"4233","2024-12-07","52","32","916.39","29324.48","Partner","TRUE"
"4234","2026-01-08","87","35","357.25","12503.75","Retail","TRUE"
"4235","2024-10-22","55","34","313.94","10673.96","Partner","TRUE"
"4236","2025-04-07","99","32","1030.99","32991.68","Online","TRUE"
"4237","2025-03-27","117","18","711.58","12808.44","Retail","TRUE"
"4238","2026-01-27","49","21","598.35","12565.35","Retail","TRUE"
"4239","2025-10-12","97","17","417.85","7103.45","Online","TRUE"
"4240","2025-12-31","10","22","949.23","20883.06","Direct","TRUE"
"4241","2025-01-27","28","34","168.38","5724.92","Partner","FALSE"
"4242","2025-07-08","174","2","748.15","1496.3","Direct","TRUE"
"4243","2025-10-03","101","26","898.13","23351.38","Online","FALSE"
"4244","2026-05-27","63","20","699.69","13993.8","Online","TRUE"
"4245","2026-03-28","12","18","517.75","9319.5","Online","TRUE"
"4246","2024-12-09","82","3","694.1","2082.3","Partner","TRUE"
"4247","2026-03-13","149","7","407.11","2849.77","Partner","TRUE"
"4248","2025-07-09","195","16","771.22","12339.52","Online","FALSE"
"4249","2026-08-05","64","30","52.87","1586.1","Direct","TRUE"
"4250","2026-03-20","18","6","213.69","1282.14","Retail","TRUE"
"4251","2026-04-25","189","15","614.22","9213.3","Retail","TRUE"
"4252","2026-03-31","147","11","927.87","10206.57","Online","FALSE"
"4253","2026-08-24","76","20","575.51","11510.2","Retail","TRUE"
"4254","2025-10-05","83","2","521.95","1043.9","Direct","TRUE"
"4255","2026-02-22","98","25","1082.71","27067.75","Direct","TRUE"
"4256","2025-09-05","37","15","332.12","4981.8","Direct","TRUE"
"4257","2025-02-07","146","22","534.4","11756.8","Online","TRUE"
"4258","2024-10-25","131","31","658.6","20416.6","Retail","TRUE"
"4259","2026-05-16","147","27","1001.77","27047.79","Online","FALSE"
"4260","2025-11-07","58","30","1023.36","30700.8","Direct","TRUE"
"4261","2025-10-18","29","21","835.6","17547.6","Retail","TRUE"
"4262","2026-08-25","83","29","622.31","18046.99","Online","TRUE"
"4263","2024-10-29","94","1","1064.74","1064.74","Retail","TRUE"
"4264","2025-08-05","49","24","41.55","997.2","Partner","TRUE"
"4265","2025-11-14","50","36","523.7","18853.2","Direct","TRUE"
"4266","2025-03-11","190","19","479.48","9110.12","Partner","TRUE"
"4267","2026-02-12","33","4","453.5","1814","Online","TRUE"
"4268","2026-04-10","156","30","856.39","25691.7","Direct","TRUE"
"4269","2025-06-30","18","24","812.93","19510.32","Partner","TRUE"
"4270","2025-12-26","99","16","745.67","11930.72","Partner","TRUE"
"4271","2025-09-18","58","30","203.03","6090.9","Online","TRUE"
"4272","2026-03-03","164","30","17.87","536.1","Online","FALSE"
"4273","2026-05-04","173","11","448.84","4937.24","Online","TRUE"
"4274","2025-12-12","15","7","624.49","4371.43","Retail","TRUE"
"4275","2026-03-14","78","17","336.49","5720.33","Partner","FALSE"
"4276","2025-10-28","176","15","534.99","8024.85","Direct","TRUE"
"4277","2024-11-23","124","18","101.62","1829.16","Direct","TRUE"
"4278","2025-07-08","137","14","336.83","4715.62","Partner","TRUE"
"4279","2026-08-19","171","5","205.79","1028.95","Partner","FALSE"
"4280","2026-04-20","144","24","232.4","5577.6","Partner","TRUE"
"4281","2025-09-02","44","28","230.38","6450.64","Partner","FALSE"
"4282","2024-11-14","190","8","688.39","5507.12","Direct","FALSE"
"4283","2026-02-06","25","38","1093.09","41537.42","Retail","TRUE"
"4284","2026-03-05","14","12","814.96","9779.52","Retail","TRUE"
"4285","2024-12-09","19","15","491.14","7367.1","Partner","FALSE"
"4286","2026-06-04","140","10","938.14","9381.4","Online","TRUE"
"4287","2026-01-04","87","26","73.09","1900.34","Retail","FALSE"
"4288","2025-04-22","38","26","1136.52","29549.52","Partner","TRUE"
"4289","2026-01-05","115","39","655.39","25560.21","Partner","TRUE"
"4290","2026-04-07","138","8","1014.8","8118.4","Online","FALSE"
"4291","2025-01-25","25","30","474.45","14233.5","Online","FALSE"
"4292","2025-04-19","109","8","404.27","3234.16","Retail","FALSE"
"4293","2025-05-18","175","4","988.03","3952.12","Partner","TRUE"
"4294","2024-12-11","41","9","411.51","3703.59","Partner","TRUE"
"4295","2025-04-09","21","24","1037.21","24893.04","Online","TRUE"
"4296","2025-03-09","66","38","814.19","30939.22","Direct","TRUE"
"4297","2026-06-21","10","13","98.89","1285.57","Direct","TRUE"
"4298","2025-12-26","94","33","195.18","6440.94","Retail","TRUE"
"4299","2024-12-07","174","21","532.73","11187.33","Partner","TRUE"
"4300","2025-02-18","57","18","11.92","214.56","Retail","TRUE"
"4301","2026-03-28","132","37","102","3774","Retail","TRUE"
"4302","2026-06-11","49","19","113.16","2150.04","Partner","TRUE"
"4303","2026-01-19","22","5","1139.02","5695.1","Retail","FALSE"
"4304","2025-04-17","58","8","131.33","1050.64","Partner","TRUE"
"4305","2025-05-05","149","15","940.08","14101.2","Partner","TRUE"
"4306","2024-12-12","67","29","1066.91","30940.39","Partner","TRUE"
"4307","2026-07-16","28","37","230.24","8518.88","Direct","TRUE"
"4308","2025-08-20","184","35","620.98","21734.3","Retail","TRUE"
"4309","2026-08-24","23","36","219.3","7894.8","Direct","TRUE"
"4310","2025-08-15","187","9","566.98","5102.82","Online","TRUE"
"4311","2024-12-25","192","1","223.6","223.6","Online","TRUE"
"4312","2025-08-31","146","25","337.61","8440.25","Direct","TRUE"
"4313","2026-06-26","124","32","411.17","13157.44","Direct","TRUE"
"4314","2026-07-20","32","1","612.51","612.51","Direct","TRUE"
"4315","2026-06-28","113","18","872.01","15696.18","Direct","TRUE"
"4316","2025-03-09","54","11","50.38","554.18","Retail","TRUE"
"4317","2025-06-15","54","12","560.82","6729.84","Partner","TRUE"
"4318","2025-08-17","35","21","1145.1","24047.1","Retail","TRUE"
"4319","2026-01-18","33","5","594.56","2972.8","Direct","TRUE"
"4320","2025-09-20","181","20","520.7","10414","Direct","TRUE"
"4321","2025-10-21","185","18","117.58","2116.44","Direct","TRUE"
"4322","2025-06-02","60","24","998.71","23969.04","Online","FALSE"
"4323","2024-12-15","128","32","1115.7","35702.4","Partner","TRUE"
"4324","2026-01-26","150","4","260.28","1041.12","Partner","TRUE"
"4325","2026-06-23","30","15","992.57","14888.55","Online","TRUE"
"4326","2024-12-14","88","19","925.58","17586.02","Online","TRUE"
"4327","2026-05-22","192","15","1058.78","15881.7","Partner","TRUE"
"4328","2025-07-03","45","21","554.73","11649.33","Direct","FALSE"
"4329","2025-11-12","138","27","547.99","14795.73","Direct","FALSE"
"4330","2025-01-09","99","24","22.19","532.56","Direct","TRUE"
"4331","2026-04-19","54","6","902.89","5417.34","Retail","TRUE"
"4332","2026-09-07","137","5","840.55","4202.75","Partner","FALSE"
"4333","2025-08-27","151","12","320.46","3845.52","Online","TRUE"
"4334","2025-07-20","93","38","711.51","27037.38","Direct","TRUE"
"4335","2024-09-28","7","23","476.66","10963.18","Online","TRUE"
"4336","2026-01-29","3","14","573.02","8022.28","Partner","TRUE"
"4337","2026-04-24","188","21","513.11","10775.31","Online","TRUE"
"4338","2026-04-14","20","33","371.53","12260.49","Online","TRUE"
"4339","2024-11-29","22","4","187.54","750.16","Retail","TRUE"
"4340","2026-05-01","185","33","870.15","28714.95","Retail","TRUE"
"4341","2025-09-29","180","3","1073.91","3221.73","Online","TRUE"
"4342","2026-06-14","88","27","191.39","5167.53","Online","FALSE"
"4343","2026-02-04","98","30","1036.82","31104.6","Direct","FALSE"
"4344","2025-06-06","102","38","293.37","11148.06","Partner","TRUE"
"4345","2025-12-02","48","4","88.15","352.6","Retail","TRUE"
"4346","2025-09-11","59","30","811.27","24338.1","Online","TRUE"
"4347","2024-09-23","12","34","899.86","30595.24","Online","FALSE"
"4348","2025-09-03","41","34","163.04","5543.36","Partner","TRUE"
"4349","2025-07-23","80","12","894.03","10728.36","Partner","TRUE"
"4350","2025-11-01","65","22","936.87","20611.14","Direct","TRUE"
"4351","2025-12-12","6","17","977","16609","Retail","TRUE"
"4352","2026-08-18","174","8","1065.84","8526.72","Direct","TRUE"
"4353","2025-02-25","188","30","456.35","13690.5","Partner","FALSE"
"4354","2024-10-12","135","37","1107.51","40977.87","Online","TRUE"
"4355","2026-08-31","85","15","700.98","10514.7","Online","TRUE"
"4356","2025-07-25","84","38","654.14","24857.32","Retail","TRUE"
"4357","2025-03-10","21","22","383.86","8444.92","Direct","TRUE"
"4358","2026-02-06","189","7","1076.67","7536.69","Retail","TRUE"
"4359","2025-02-22","93","32","584.87","18715.84","Partner","TRUE"
"4360","2026-01-27","104","19","876.34","16650.46","Partner","TRUE"
"4361","2025-09-26","193","21","206.34","4333.14","Retail","TRUE"
"4362","2026-09-12","154","19","645.76","12269.44","Online","TRUE"
"4363","2024-11-10","139","21","355.84","7472.64","Direct","TRUE"
"4364","2026-05-23","152","25","397.93","9948.25","Online","TRUE"
"4365","2026-08-05","78","4","953.64","3814.56","Online","FALSE"
"4366","2026-03-19","81","23","43.85","1008.55","Retail","TRUE"
"4367","2026-08-22","197","15","1170.52","17557.8","Direct","TRUE"
"4368","2026-05-08","19","1","509.16","509.16","Retail","TRUE"
"4369","2026-01-26","33","5","1116.6","5583","Retail","FALSE"
"4370","2026-04-16","139","29","695.49","20169.21","Direct","TRUE"
"4371","2025-10-24","189","38","576.37","21902.06","Direct","FALSE"
"4372","2025-06-05","154","28","848.99","23771.72","Partner","TRUE"
"4373","2026-02-09","65","28","532.91","14921.48","Online","TRUE"
"4374","2024-12-03","61","13","1022.87","13297.31","Retail","FALSE"
"4375","2024-10-15","114","31","209.89","6506.59","Online","TRUE"
"4376","2026-02-15","6","14","1066.59","14932.26","Partner","TRUE"
"4377","2026-06-26","114","35","552.11","19323.85","Retail","TRUE"
"4378","2026-08-05","42","22","99.99","2199.78","Retail","FALSE"
"4379","2025-11-15","115","33","406.68","13420.44","Retail","FALSE"
"4380","2025-11-27","18","13","916.64","11916.32","Retail","TRUE"
"4381","2025-08-09","41","9","688.43","6195.87","Retail","TRUE"
"4382","2026-04-23","195","28","681.13","19071.64","Direct","FALSE"
"4383","2026-06-20","71","10","566.29","5662.9","Retail","TRUE"
"4384","2026-08-22","65","7","650.2","4551.4","Online","FALSE"
"4385","2025-07-21","72","10","590.79","5907.9","Partner","TRUE"
"4386","2025-09-30","178","15","664.5","9967.5","Online","TRUE"
"4387","2025-06-19","31","10","928.65","9286.5","Retail","TRUE"
"4388","2026-02-05","22","7","154.54","1081.78","Online","TRUE"
"4389","2026-03-16","149","21","321.79","6757.59","Retail","TRUE"
"4390","2025-08-14","140","9","1199.96","10799.64","Online","TRUE"
"4391","2026-04-07","169","28","586.98","16435.44","Retail","FALSE"
"4392","2024-09-18","180","24","704.37","16904.88","Direct","TRUE"
"4393","2026-04-01","128","20","1023.22","20464.4","Direct","TRUE"
"4394","2025-09-06","58","39","636.59","24827.01","Direct","TRUE"
"4395","2026-02-02","121","23","913.07","21000.61","Online","FALSE"
"4396","2025-04-29","141","3","888.75","2666.25","Online","TRUE"
"4397","2025-01-08","22","6","212.06","1272.36","Online","TRUE"
"4398","2025-02-16","53","26","204.62","5320.12","Partner","TRUE"
"4399","2025-07-07","179","32","601.46","19246.72","Online","TRUE"
"4400","2025-08-29","199","29","291.48","8452.92","Direct","TRUE"
"4401","2026-01-15","1","31","300.32","9309.92","Direct","TRUE"
"4402","2026-02-26","81","38","351.57","13359.66","Direct","TRUE"
"4403","2026-08-16","103","29","859.76","24933.04","Retail","TRUE"
"4404","2026-02-15","70","21","223.58","4695.18","Retail","TRUE"
"4405","2024-12-05","114","21","709.82","14906.22","Retail","TRUE"
"4406","2024-11-22","6","14","1053.35","14746.9","Online","TRUE"
"4407","2025-12-10","14","15","960.63","14409.45","Partner","TRUE"
"4408","2026-05-05","72","12","882.01","10584.12","Retail","FALSE"
"4409","2026-04-23","25","29","558.17","16186.93","Partner","TRUE"
"4410","2026-06-15","157","28","825.88","23124.64","Partner","FALSE"
"4411","2025-03-03","109","22","420.14","9243.08","Direct","TRUE"
"4412","2025-10-05","113","20","1066.21","21324.2","Retail","TRUE"
"4413","2026-07-21","158","13","982.66","12774.58","Retail","TRUE"
"4414","2025-07-09","75","8","1138.2","9105.6","Direct","TRUE"
"4415","2024-11-18","173","17","1081.05","18377.85","Direct","TRUE"
"4416","2024-10-09","7","17","500.14","8502.38","Retail","FALSE"
"4417","2026-03-10","152","15","402.68","6040.2","Online","FALSE"
"4418","2025-09-08","90","8","827.19","6617.52","Retail","TRUE"
"4419","2026-06-12","170","33","1168.7","38567.1","Direct","TRUE"
"4420","2026-06-10","25","7","703.51","4924.57","Direct","TRUE"
"4421","2026-08-17","17","23","445.98","10257.54","Partner","TRUE"
"4422","2026-04-25","64","7","601.69","4211.83","Online","FALSE"
"4423","2025-04-27","74","22","522.69","11499.18","Online","TRUE"
"4424","2026-03-21","21","36","510.44","18375.84","Online","TRUE"
"4425","2025-05-12","15","18","914.53","16461.54","Online","FALSE"
"4426","2026-05-13","51","33","46.47","1533.51","Online","FALSE"
"4427","2026-04-07","149","6","991.51","5949.06","Direct","TRUE"
"4428","2025-03-24","109","23","1024.11","23554.53","Partner","TRUE"
"4429","2025-06-06","154","24","649.02","15576.48","Partner","FALSE"
"4430","2024-09-15","122","28","730.13","20443.64","Direct","TRUE"
"4431","2025-04-03","163","37","1151.31","42598.47","Partner","FALSE"
"4432","2025-12-04","184","31","1143.31","35442.61","Direct","FALSE"
"4433","2024-12-10","128","16","786.17","12578.72","Online","FALSE"
"4434","2026-03-05","181","39","746.26","29104.14","Partner","TRUE"
"4435","2026-04-22","153","22","32.22","708.84","Partner","TRUE"
"4436","2026-03-22","113","29","50.09","1452.61","Retail","TRUE"
"4437","2025-10-23","118","37","1120.05","41441.85","Direct","FALSE"
"4438","2025-01-04","111","16","632.69","10123.04","Online","TRUE"
"4439","2026-02-03","127","29","763.1","22129.9","Retail","TRUE"
"4440","2026-03-27","166","9","464.64","4181.76","Partner","TRUE"
"4441","2025-08-07","195","26","210.39","5470.14","Retail","TRUE"
"4442","2025-10-25","161","24","149.19","3580.56","Partner","TRUE"
"4443","2026-01-04","109","34","1146.81","38991.54","Direct","TRUE"
"4444","2026-07-08","109","6","150.26","901.56","Partner","TRUE"
"4445","2024-12-25","195","9","619.19","5572.71","Retail","TRUE"
"4446","2025-01-05","110","23","671.63","15447.49","Online","TRUE"
"4447","2024-12-21","90","38","680.9","25874.2","Partner","FALSE"
"4448","2025-08-03","49","24","709.11","17018.64","Partner","TRUE"
"4449","2025-09-25","168","9","1140.25","10262.25","Direct","TRUE"
"4450","2025-06-13","57","33","1160.46","38295.18","Online","TRUE"
"4451","2025-05-03","123","29","18.16","526.64","Partner","TRUE"
"4452","2024-12-12","22","38","58.96","2240.48","Direct","TRUE"
"4453","2024-10-16","148","3","583.74","1751.22","Partner","TRUE"
"4454","2025-10-07","14","10","734.2","7342","Direct","TRUE"
"4455","2025-08-13","97","6","624.04","3744.24","Direct","FALSE"
"4456","2024-11-20","43","36","184.27","6633.72","Retail","TRUE"
"4457","2025-10-02","64","36","511.68","18420.48","Partner","TRUE"
"4458","2026-05-08","27","9","934.83","8413.47","Retail","TRUE"
"4459","2025-03-21","33","27","980.8","26481.6","Retail","TRUE"
"4460","2025-09-11","164","8","303.09","2424.72","Partner","TRUE"
"4461","2024-11-19","68","20","1183.61","23672.2","Retail","TRUE"
"4462","2025-09-27","190","3","401.68","1205.04","Partner","TRUE"
"4463","2024-09-14","33","37","363.55","13451.35","Retail","TRUE"
"4464","2026-01-07","142","38","754.46","28669.48","Direct","TRUE"
"4465","2025-03-09","27","4","230.1","920.4","Online","TRUE"
"4466","2026-05-27","95","30","582.75","17482.5","Retail","TRUE"
"4467","2026-01-04","25","19","900.13","17102.47","Online","FALSE"
"4468","2026-01-25","51","16","1195.66","19130.56","Online","TRUE"
"4469","2025-05-22","77","21","203.59","4275.39","Online","TRUE"
"4470","2025-05-11","106","15","1122.14","16832.1","Direct","TRUE"
"4471","2026-04-09","108","38","1038.71","39470.98","Partner","TRUE"
"4472","2025-08-03","188","36","1175.26","42309.36","Direct","TRUE"
"4473","2026-08-14","24","22","267.16","5877.52","Retail","TRUE"
"4474","2025-12-03","4","14","289.4","4051.6","Online","TRUE"
"4475","2024-11-11","64","27","717.15","19363.05","Direct","FALSE"
"4476","2025-12-07","8","27","179.64","4850.28","Online","FALSE"
"4477","2025-05-14","71","34","595.45","20245.3","Partner","TRUE"
"4478","2024-11-09","64","22","1081.2","23786.4","Online","FALSE"
"4479","2025-10-24","133","11","389.5","4284.5","Partner","TRUE"
"4480","2026-06-04","29","29","200","5800","Retail","TRUE"
"4481","2026-04-13","95","16","423.44","6775.04","Partner","TRUE"
"4482","2025-05-12","1","23","289.66","6662.18","Partner","FALSE"
"4483","2025-02-13","99","37","271.02","10027.74","Retail","TRUE"
"4484","2025-09-29","67","16","1136.01","18176.16","Retail","TRUE"
"4485","2026-01-15","80","1","89","89","Online","TRUE"
"4486","2026-01-15","38","3","821.16","2463.48","Direct","TRUE"
"4487","2026-01-01","7","9","1106.63","9959.67","Direct","TRUE"
"4488","2025-04-24","117","23","1093.93","25160.39","Online","FALSE"
"4489","2025-10-10","149","18","1011.69","18210.42","Direct","FALSE"
"4490","2025-06-28","93","17","538.57","9155.69","Retail","TRUE"
"4491","2026-02-15","20","1","200.71","200.71","Partner","TRUE"
"4492","2025-06-21","153","37","363.98","13467.26","Direct","TRUE"
"4493","2025-05-16","98","39","1160.85","45273.15","Retail","FALSE"
"4494","2026-06-24","82","19","253.77","4821.63","Online","FALSE"
"4495","2026-03-15","82","27","1026.17","27706.59","Partner","TRUE"
"4496","2025-06-03","171","15","682.76","10241.4","Partner","TRUE"
"4497","2025-02-27","84","21","200.33","4206.93","Partner","TRUE"
"4498","2025-10-11","57","35","1145.06","40077.1","Direct","FALSE"
"4499","2025-01-27","75","12","354.86","4258.32","Online","TRUE"
"4500","2025-11-26","7","23","314.85","7241.55","Partner","TRUE"
"4501","2025-08-20","141","10","215.26","2152.6","Retail","TRUE"
"4502","2025-08-16","48","16","989.65","15834.4","Online","TRUE"
"4503","2025-05-19","64","35","1127.73","39470.55","Direct","TRUE"
"4504","2025-03-24","22","6","1090.57","6543.42","Online","FALSE"
"4505","2026-01-28","163","33","201.99","6665.67","Partner","TRUE"
"4506","2025-11-30","52","15","556.65","8349.75","Partner","TRUE"
"4507","2024-12-28","180","37","365","13505","Partner","TRUE"
"4508","2026-02-21","147","1","282.54","282.54","Online","FALSE"
"4509","2025-02-13","93","31","1034.84","32080.04","Retail","TRUE"
"4510","2026-09-08","133","16","263.32","4213.12","Direct","FALSE"
"4511","2026-02-21","173","4","657.28","2629.12","Online","TRUE"
"4512","2026-01-08","18","28","1088.55","30479.4","Direct","FALSE"
"4513","2026-04-02","78","10","1140.62","11406.2","Online","TRUE"
"4514","2025-07-21","2","19","931.86","17705.34","Online","TRUE"
"4515","2025-07-17","121","22","594.25","13073.5","Direct","TRUE"
"4516","2026-01-18","110","5","534.15","2670.75","Online","TRUE"
"4517","2024-10-22","115","14","291.7","4083.8","Retail","TRUE"
"4518","2024-09-18","190","27","471.26","12724.02","Direct","TRUE"
"4519","2026-07-30","17","3","75.85","227.55","Online","FALSE"
"4520","2025-10-06","175","13","384.15","4993.95","Partner","TRUE"
"4521","2025-12-18","62","30","182.89","5486.7","Online","TRUE"
"4522","2025-06-14","185","35","785.4","27489","Partner","TRUE"
"4523","2024-11-02","75","35","343.14","12009.9","Retail","TRUE"
"4524","2025-03-07","15","19","189.82","3606.58","Retail","FALSE"
"4525","2025-02-01","156","39","1165.86","45468.54","Direct","TRUE"
"4526","2024-10-16","13","15","593.83","8907.45","Online","TRUE"
"4527","2026-02-22","156","25","163.27","4081.75","Online","TRUE"
"4528","2026-05-31","159","2","610.46","1220.92","Partner","TRUE"
"4529","2025-02-19","28","21","23.34","490.14","Direct","TRUE"
"4530","2024-12-07","161","36","475.38","17113.68","Retail","FALSE"
"4531","2025-04-01","138","15","459.99","6899.85","Partner","FALSE"
"4532","2025-08-05","177","37","1178","43586","Retail","FALSE"
"4533","2025-09-23","8","13","1050.07","13650.91","Online","TRUE"
"4534","2024-11-05","100","17","118.24","2010.08","Direct","TRUE"
"4535","2025-11-11","74","6","43.58","261.48","Partner","FALSE"
"4536","2025-09-17","66","19","432.1","8209.9","Online","TRUE"
"4537","2026-04-05","110","22","1180.44","25969.68","Direct","TRUE"
"4538","2026-04-25","33","9","228.79","2059.11","Retail","FALSE"
"4539","2024-10-16","76","18","307.99","5543.82","Direct","TRUE"
"4540","2025-08-20","56","2","997.32","1994.64","Direct","TRUE"
"4541","2026-06-17","102","20","219.59","4391.8","Retail","TRUE"
"4542","2024-11-20","172","20","839.6","16792","Partner","TRUE"
"4543","2025-10-04","33","11","331.99","3651.89","Direct","TRUE"
"4544","2025-11-12","95","20","337.99","6759.8","Direct","TRUE"
"4545","2026-07-25","111","9","675.22","6076.98","Online","TRUE"
"4546","2025-08-17","135","38","920.58","34982.04","Online","TRUE"
"4547","2025-09-16","91","28","806.3","22576.4","Retail","TRUE"
"4548","2026-06-06","53","16","1130.2","18083.2","Partner","FALSE"
"4549","2025-05-31","27","34","984.97","33488.98","Online","FALSE"
"4550","2025-11-14","160","12","1160.01","13920.12","Partner","TRUE"
"4551","2026-07-12","74","32","1088.13","34820.16","Direct","TRUE"
"4552","2024-09-25","83","23","1012.41","23285.43","Retail","FALSE"
"4553","2025-11-21","109","24","1126.64","27039.36","Online","TRUE"
"4554","2026-03-07","127","22","195.19","4294.18","Retail","TRUE"
"4555","2025-07-28","141","23","480.1","11042.3","Retail","FALSE"
"4556","2024-11-23","14","38","885.76","33658.88","Direct","FALSE"
"4557","2024-12-04","99","3","123.94","371.82","Partner","TRUE"
"4558","2025-04-08","116","37","242.72","8980.64","Partner","TRUE"
"4559","2025-08-11","133","30","828.77","24863.1","Retail","FALSE"
"4560","2025-07-27","105","5","517.76","2588.8","Partner","FALSE"
"4561","2026-01-22","35","2","1162.66","2325.32","Online","TRUE"
"4562","2026-01-11","115","37","425.85","15756.45","Partner","TRUE"
"4563","2024-11-22","178","39","532.36","20762.04","Partner","TRUE"
"4564","2025-11-06","169","1","962.64","962.64","Retail","TRUE"
"4565","2025-08-11","13","39","188.8","7363.2","Direct","TRUE"
"4566","2025-09-23","103","20","301.82","6036.4","Partner","FALSE"
"4567","2025-11-26","4","39","1145.77","44685.03","Retail","TRUE"
"4568","2026-02-11","104","39","734.99","28664.61","Partner","TRUE"
"4569","2025-02-10","196","18","553.46","9962.28","Partner","TRUE"
"4570","2024-09-18","43","28","572.06","16017.68","Direct","TRUE"
"4571","2025-06-18","61","32","680.41","21773.12","Partner","FALSE"
"4572","2025-02-09","172","17","128.67","2187.39","Direct","TRUE"
"4573","2025-07-29","7","29","328.26","9519.54","Partner","TRUE"
"4574","2024-12-01","88","2","748.94","1497.88","Partner","TRUE"
"4575","2025-01-03","140","25","627.84","15696","Retail","TRUE"
"4576","2026-03-26","95","34","970.37","32992.58","Retail","FALSE"
"4577","2025-11-18","65","22","953.38","20974.36","Partner","TRUE"
"4578","2025-08-05","193","5","743.37","3716.85","Partner","FALSE"
"4579","2026-08-01","133","11","1109.18","12200.98","Direct","TRUE"
"4580","2026-06-19","119","12","955","11460","Partner","TRUE"
"4581","2026-08-23","110","4","454.11","1816.44","Direct","TRUE"
"4582","2026-06-25","129","20","1129.82","22596.4","Direct","TRUE"
"4583","2025-10-19","129","27","594.49","16051.23","Partner","TRUE"
"4584","2025-01-13","196","12","86.83","1041.96","Direct","FALSE"
"4585","2024-11-23","180","9","690.79","6217.11","Partner","TRUE"
"4586","2025-02-02","42","30","982.12","29463.6","Online","TRUE"
"4587","2024-12-31","8","16","595.61","9529.76","Online","TRUE"
"4588","2025-07-27","48","34","709.12","24110.08","Retail","FALSE"
"4589","2025-10-24","11","24","711.02","17064.48","Online","FALSE"
"4590","2024-10-08","79","17","137.85","2343.45","Online","TRUE"
"4591","2024-12-28","171","39","823.57","32119.23","Retail","TRUE"
"4592","2025-06-18","80","28","78.37","2194.36","Online","TRUE"
"4593","2025-10-11","137","23","1077.63","24785.49","Online","TRUE"
"4594","2024-11-27","176","8","183.55","1468.4","Retail","TRUE"
"4595","2025-07-20","190","25","727.16","18179","Direct","TRUE"
"4596","2024-11-07","99","10","472.22","4722.2","Retail","TRUE"
"4597","2026-04-12","97","16","742.7","11883.2","Online","FALSE"
"4598","2025-12-12","58","30","393.22","11796.6","Online","TRUE"
"4599","2026-05-10","108","33","452.85","14944.05","Retail","FALSE"
"4600","2025-09-24","24","8","1033.57","8268.56","Retail","TRUE"
"4601","2025-01-08","104","27","104.69","2826.63","Retail","TRUE"
"4602","2025-09-02","31","17","390.89","6645.13","Direct","FALSE"
"4603","2025-12-04","175","36","149.64","5387.04","Retail","TRUE"
"4604","2026-07-13","53","33","1143.49","37735.17","Partner","TRUE"
"4605","2025-10-31","140","21","217.38","4564.98","Direct","TRUE"
"4606","2026-05-09","168","7","486.41","3404.87","Partner","TRUE"
"4607","2026-06-07","70","4","559.8","2239.2","Partner","TRUE"
"4608","2026-05-06","4","32","562.36","17995.52","Online","TRUE"
"4609","2026-02-10","168","3","623.65","1870.95","Retail","FALSE"
"4610","2024-10-02","97","33","700.42","23113.86","Direct","TRUE"
"4611","2024-11-25","49","14","27.36","383.04","Online","TRUE"
"4612","2026-07-09","94","32","76.01","2432.32","Online","TRUE"
"4613","2025-01-01","113","26","293.33","7626.58","Partner","TRUE"
"4614","2025-11-29","50","10","570.66","5706.6","Partner","TRUE"
"4615","2025-10-23","78","37","1044.45","38644.65","Online","TRUE"
"4616","2026-01-15","193","14","542.54","7595.56","Online","TRUE"
"4617","2025-04-02","104","38","801.84","30469.92","Retail","TRUE"
"4618","2025-10-23","132","11","1167.13","12838.43","Direct","TRUE"
"4619","2026-04-18","52","12","1027.59","12331.08","Retail","FALSE"
"4620","2025-06-24","8","4","486.5","1946","Retail","TRUE"
"4621","2024-12-19","50","22","260.35","5727.7","Partner","TRUE"
"4622","2025-09-01","115","35","575.73","20150.55","Retail","TRUE"
"4623","2026-02-06","149","29","287.58","8339.82","Online","TRUE"
"4624","2025-08-07","14","39","109.9","4286.1","Direct","TRUE"
"4625","2025-11-09","163","10","797.85","7978.5","Retail","FALSE"
"4626","2026-08-05","54","3","483.38","1450.14","Direct","TRUE"
"4627","2025-09-14","41","38","859.86","32674.68","Direct","TRUE"
"4628","2025-02-23","68","19","586.29","11139.51","Partner","TRUE"
"4629","2025-04-28","14","13","735.64","9563.32","Partner","FALSE"
"4630","2025-04-22","156","1","66.01","66.01","Online","TRUE"
"4631","2026-04-20","150","13","545.56","7092.28","Partner","FALSE"
"4632","2025-04-08","115","16","374.44","5991.04","Partner","TRUE"
"4633","2025-10-15","102","20","75.03","1500.6","Retail","TRUE"
"4634","2024-11-06","21","1","608.08","608.08","Online","TRUE"
"4635","2026-03-13","99","38","38.26","1453.88","Direct","FALSE"
"4636","2024-12-08","189","22","606.34","13339.48","Direct","TRUE"
"4637","2024-12-21","1","27","349.95","9448.65","Partner","FALSE"
"4638","2025-10-01","19","5","896","4480","Direct","TRUE"
"4639","2025-06-14","125","18","138.9","2500.2","Partner","TRUE"
"4640","2024-11-17","160","25","250.12","6253","Direct","TRUE"
"4641","2026-06-15","173","39","803.17","31323.63","Direct","TRUE"
"4642","2026-03-02","158","22","874.97","19249.34","Retail","TRUE"
"4643","2024-10-08","86","11","251.43","2765.73","Retail","FALSE"
"4644","2024-09-23","84","5","354.82","1774.1","Direct","TRUE"
"4645","2024-12-01","10","6","207.09","1242.54","Online","TRUE"
"4646","2026-02-02","44","24","1008.24","24197.76","Retail","TRUE"
"4647","2024-10-24","98","5","349.91","1749.55","Retail","FALSE"
"4648","2025-01-08","59","17","311.89","5302.13","Direct","TRUE"
"4649","2025-06-23","145","39","64.25","2505.75","Retail","TRUE"
"4650","2024-12-28","157","20","454.05","9081","Partner","TRUE"
"4651","2025-07-23","162","12","1036.06","12432.72","Direct","TRUE"
"4652","2024-12-16","79","3","218.21","654.63","Online","TRUE"
"4653","2024-12-28","82","16","113.53","1816.48","Online","TRUE"
"4654","2025-09-16","167","13","642.58","8353.54","Direct","TRUE"
"4655","2026-05-31","57","22","753.75","16582.5","Partner","TRUE"
"4656","2025-08-17","170","24","336.4","8073.6","Retail","TRUE"
"4657","2025-05-12","177","19","68.19","1295.61","Retail","TRUE"
"4658","2025-03-18","6","12","100.82","1209.84","Partner","FALSE"
"4659","2025-03-04","120","4","214.24","856.96","Direct","TRUE"
"4660","2026-04-18","31","21","1051.97","22091.37","Retail","TRUE"
"4661","2024-12-04","180","13","93.79","1219.27","Online","FALSE"
"4662","2025-06-30","9","39","977.68","38129.52","Direct","TRUE"
"4663","2026-06-21","151","36","551.72","19861.92","Partner","FALSE"
"4664","2024-12-23","186","2","1168.36","2336.72","Retail","TRUE"
"4665","2025-09-22","25","37","1141.78","42245.86","Online","TRUE"
"4666","2026-02-18","15","2","169.38","338.76","Partner","TRUE"
"4667","2025-09-11","13","39","728.95","28429.05","Partner","TRUE"
"4668","2026-06-30","131","2","881.68","1763.36","Online","FALSE"
"4669","2025-09-17","154","32","1113.78","35640.96","Online","TRUE"
"4670","2026-04-14","89","19","398.8","7577.2","Online","TRUE"
"4671","2025-11-18","87","3","679.75","2039.25","Retail","TRUE"
"4672","2026-03-25","197","3","831.27","2493.81","Partner","TRUE"
"4673","2024-12-16","131","11","1000.44","11004.84","Retail","TRUE"
"4674","2025-06-08","72","3","290.99","872.97","Online","FALSE"
"4675","2025-11-19","34","18","1039.48","18710.64","Online","TRUE"
"4676","2024-12-29","44","16","1141.33","18261.28","Partner","TRUE"
"4677","2026-05-18","71","3","483.7","1451.1","Direct","TRUE"
"4678","2026-02-01","184","35","965.92","33807.2","Online","FALSE"
"4679","2025-12-31","45","5","689","3445","Retail","TRUE"
"4680","2026-01-20","43","10","908.68","9086.8","Partner","TRUE"
"4681","2026-03-13","186","39","1161.58","45301.62","Retail","TRUE"
"4682","2025-11-22","181","23","671.66","15448.18","Online","TRUE"
"4683","2026-08-29","150","8","355.46","2843.68","Online","FALSE"
"4684","2025-01-18","143","11","1153.6","12689.6","Partner","FALSE"
"4685","2024-12-05","86","31","1124.07","34846.17","Direct","TRUE"
"4686","2025-06-11","181","36","342.23","12320.28","Partner","TRUE"
"4687","2025-06-24","72","1","685.16","685.16","Retail","TRUE"
"4688","2025-06-18","8","25","757.5","18937.5","Online","TRUE"
"4689","2025-10-07","149","37","231.03","8548.11","Partner","TRUE"
"4690","2025-01-03","178","15","906.02","13590.3","Retail","TRUE"
"4691","2025-12-09","185","37","408.73","15123.01","Partner","TRUE"
"4692","2026-01-16","74","3","576.44","1729.32","Retail","FALSE"
"4693","2024-10-27","184","1","453.86","453.86","Online","TRUE"
"4694","2025-05-20","165","8","835.77","6686.16","Partner","TRUE"
"4695","2025-09-24","72","34","971.37","33026.58","Retail","TRUE"
"4696","2026-04-27","62","36","96.97","3490.92","Retail","TRUE"
"4697","2026-05-11","196","23","951.02","21873.46","Partner","TRUE"
"4698","2025-07-26","45","34","396.97","13496.98","Online","TRUE"
"4699","2026-06-22","28","26","1084.52","28197.52","Partner","TRUE"
"4700","2025-05-10","96","15","757.23","11358.45","Retail","TRUE"
"4701","2026-01-31","58","8","1100.47","8803.76","Direct","TRUE"
"4702","2026-08-23","159","33","27.32","901.56","Retail","TRUE"
"4703","2026-01-16","110","12","922.36","11068.32","Direct","TRUE"
"4704","2024-11-29","2","6","904.33","5425.98","Partner","FALSE"
"4705","2025-02-09","11","35","282.43","9885.05","Online","TRUE"
"4706","2026-04-26","197","1","551.11","551.11","Retail","TRUE"
"4707","2026-05-26","150","18","794.28","14297.04","Retail","TRUE"
"4708","2025-06-03","48","16","633.66","10138.56","Direct","TRUE"
"4709","2025-01-11","135","2","173.3","346.6","Direct","TRUE"
"4710","2026-04-24","48","10","744.36","7443.6","Online","TRUE"
"4711","2024-11-08","147","33","308.42","10177.86","Direct","FALSE"
"4712","2026-08-10","192","26","413.46","10749.96","Retail","TRUE"
"4713","2025-05-30","97","36","865.47","31156.92","Partner","TRUE"
"4714","2025-02-01","40","18","1086.32","19553.76","Partner","TRUE"
"4715","2025-10-20","192","5","507.55","2537.75","Retail","TRUE"
"4716","2026-04-30","141","32","350.09","11202.88","Retail","TRUE"
"4717","2025-01-03","183","19","629.83","11966.77","Partner","FALSE"
"4718","2025-10-06","170","33","1103.1","36402.3","Retail","TRUE"
"4719","2025-03-26","166","31","1000.63","31019.53","Retail","FALSE"
"4720","2024-12-08","167","21","472.94","9931.74","Online","TRUE"
"4721","2026-03-01","121","30","156.9","4707","Direct","FALSE"
"4722","2025-04-19","160","6","960.72","5764.32","Partner","TRUE"
"4723","2024-10-30","194","24","1140.5","27372","Online","TRUE"
"4724","2025-10-15","89","15","1013.89","15208.35","Online","TRUE"
"4725","2026-01-07","145","5","87.68","438.4","Partner","TRUE"
"4726","2024-11-14","159","9","938.49","8446.41","Online","FALSE"
"4727","2026-09-11","110","14","703.99","9855.86","Retail","TRUE"
"4728","2025-08-31","86","37","128.64","4759.68","Retail","TRUE"
"4729","2025-01-29","186","33","312.15","10300.95","Direct","TRUE"
"4730","2024-12-06","54","27","67.16","1813.32","Partner","TRUE"
"4731","2025-05-18","14","36","757.02","27252.72","Partner","TRUE"
"4732","2026-07-17","17","25","1083.65","27091.25","Retail","TRUE"
"4733","2025-03-09","174","19","643.34","12223.46","Retail","TRUE"
"4734","2026-06-15","25","32","698","22336","Partner","TRUE"
"4735","2025-08-25","104","12","1114.54","13374.48","Direct","FALSE"
"4736","2026-07-12","70","2","838.9","1677.8","Direct","TRUE"
"4737","2025-02-11","6","35","524.75","18366.25","Direct","TRUE"
"4738","2025-11-21","59","23","924.66","21267.18","Retail","TRUE"
"4739","2025-01-05","18","2","1077.2","2154.4","Direct","FALSE"
"4740","2026-08-16","127","18","101.05","1818.9","Direct","TRUE"
"4741","2025-01-22","21","37","1026.52","37981.24","Partner","TRUE"
"4742","2024-12-04","79","4","842.14","3368.56","Partner","TRUE"
"4743","2025-02-27","15","10","179.09","1790.9","Retail","TRUE"
"4744","2026-01-08","18","11","381.56","4197.16","Retail","FALSE"
"4745","2025-12-08","101","16","155.59","2489.44","Online","TRUE"
"4746","2026-01-05","176","9","536.84","4831.56","Online","TRUE"
"4747","2025-05-19","162","26","1072.06","27873.56","Partner","FALSE"
"4748","2026-09-12","56","19","148.5","2821.5","Direct","FALSE"
"4749","2025-08-29","99","27","114.92","3102.84","Direct","TRUE"
"4750","2026-08-19","44","23","593.42","13648.66","Retail","TRUE"
"4751","2025-10-02","9","37","973.76","36029.12","Retail","FALSE"
"4752","2025-04-13","190","15","250.2","3753","Retail","TRUE"
"4753","2024-12-04","40","31","846.73","26248.63","Partner","TRUE"
"4754","2025-03-15","111","32","888.7","28438.4","Online","TRUE"
"4755","2025-11-20","68","20","529.26","10585.2","Online","TRUE"
"4756","2025-11-10","18","17","1182.03","20094.51","Retail","TRUE"
"4757","2025-01-03","93","37","702.46","25991.02","Retail","TRUE"
"4758","2026-02-07","112","33","589.9","19466.7","Online","TRUE"
"4759","2026-02-25","59","14","907.6","12706.4","Partner","TRUE"
"4760","2026-09-03","115","6","507.97","3047.82","Retail","TRUE"
"4761","2026-04-15","154","11","327.26","3599.86","Direct","TRUE"
"4762","2026-02-25","104","19","601.67","11431.73","Retail","TRUE"
"4763","2025-09-08","59","19","119.38","2268.22","Retail","FALSE"
"4764","2025-06-28","93","5","43.34","216.7","Partner","FALSE"
"4765","2026-02-27","21","33","423.83","13986.39","Partner","FALSE"
"4766","2025-11-22","172","10","182.68","1826.8","Direct","TRUE"
"4767","2025-02-23","186","34","1077.32","36628.88","Online","TRUE"
"4768","2025-05-05","168","5","844.91","4224.55","Retail","TRUE"
"4769","2026-03-23","133","13","412.56","5363.28","Retail","TRUE"
"4770","2024-10-13","141","14","798.54","11179.56","Online","FALSE"
"4771","2024-09-19","63","7","1004.15","7029.05","Direct","TRUE"
"4772","2025-01-09","63","8","31.88","255.04","Retail","TRUE"
"4773","2025-04-27","16","7","332.84","2329.88","Partner","FALSE"
"4774","2025-07-20","158","35","86.85","3039.75","Partner","TRUE"
"4775","2024-11-16","132","34","911.54","30992.36","Direct","TRUE"
"4776","2025-12-26","107","24","746.48","17915.52","Partner","TRUE"
"4777","2025-06-05","72","30","699.6","20988","Direct","FALSE"
"4778","2025-10-21","167","39","352.32","13740.48","Online","TRUE"
"4779","2025-01-12","111","5","752.4","3762","Online","TRUE"
"4780","2025-01-26","16","13","405.12","5266.56","Direct","TRUE"
"4781","2026-02-14","105","10","636.71","6367.1","Partner","TRUE"
"4782","2025-10-22","100","39","941.36","36713.04","Retail","FALSE"
"4783","2026-05-21","141","8","1136.27","9090.16","Retail","TRUE"
"4784","2025-03-01","70","6","128","768","Direct","TRUE"
"4785","2026-08-21","37","6","922.21","5533.26","Retail","TRUE"
"4786","2025-12-23","114","39","239.24","9330.36","Retail","TRUE"
"4787","2026-01-27","64","19","811.82","15424.58","Direct","TRUE"
"4788","2026-02-17","5","5","657.21","3286.05","Retail","TRUE"
"4789","2025-10-23","18","24","360.2","8644.8","Direct","TRUE"
"4790","2025-02-16","138","9","242.2","2179.8","Retail","FALSE"
"4791","2025-01-25","95","14","599.21","8388.94","Online","TRUE"
"4792","2025-09-20","195","26","1000.01","26000.26","Online","TRUE"
"4793","2026-07-02","138","33","245.16","8090.28","Partner","TRUE"
"4794","2025-08-20","183","38","878.18","33370.84","Retail","TRUE"
"4795","2024-10-23","26","16","1093.22","17491.52","Direct","TRUE"
"4796","2024-11-09","161","15","817.02","12255.3","Partner","TRUE"
"4797","2024-11-03","74","38","113.63","4317.94","Online","TRUE"
"4798","2025-03-29","80","16","1140.39","18246.24","Online","TRUE"
"4799","2026-08-15","10","16","429.26","6868.16","Online","TRUE"
"4800","2024-10-28","157","17","536.57","9121.69","Retail","TRUE"
"4801","2026-07-06","94","23","1035.89","23825.47","Retail","FALSE"
"4802","2025-09-07","72","11","486.17","5347.87","Partner","TRUE"
"4803","2026-06-15","6","1","241.29","241.29","Retail","FALSE"
"4804","2025-01-26","83","16","998.72","15979.52","Direct","FALSE"
"4805","2025-09-17","97","34","1138.57","38711.38","Online","TRUE"
"4806","2026-05-19","164","3","490.97","1472.91","Retail","TRUE"
"4807","2026-03-31","157","29","1150.58","33366.82","Retail","TRUE"
"4808","2025-04-12","38","30","874.56","26236.8","Partner","FALSE"
"4809","2026-03-13","35","29","1013","29377","Direct","FALSE"
"4810","2025-06-17","10","34","198.42","6746.28","Direct","TRUE"
"4811","2025-04-30","188","31","61.08","1893.48","Partner","TRUE"
"4812","2025-10-11","25","6","806.55","4839.3","Direct","TRUE"
"4813","2026-07-28","71","29","358.22","10388.38","Retail","TRUE"
"4814","2026-03-08","77","39","1076.3","41975.7","Retail","TRUE"
"4815","2026-06-05","148","34","169.67","5768.78","Partner","TRUE"
"4816","2026-04-13","16","36","1173.99","42263.64","Retail","TRUE"
"4817","2025-03-15","102","32","486.2","15558.4","Online","TRUE"
"4818","2025-07-12","151","11","861.85","9480.35","Retail","TRUE"
"4819","2024-10-24","194","12","621.47","7457.64","Partner","TRUE"
"4820","2025-08-14","97","8","110.83","886.64","Partner","TRUE"
"4821","2025-10-19","3","23","773.33","17786.59","Direct","TRUE"
"4822","2024-10-27","110","15","610.29","9154.35","Retail","TRUE"
"4823","2024-12-28","188","7","809.61","5667.27","Partner","TRUE"
"4824","2025-01-28","160","30","194.02","5820.6","Direct","FALSE"
"4825","2024-10-22","129","14","716.31","10028.34","Partner","FALSE"
"4826","2025-11-11","33","3","789.48","2368.44","Direct","FALSE"
"4827","2025-03-06","118","6","1024.5","6147","Direct","FALSE"
"4828","2026-01-07","180","36","505.81","18209.16","Direct","TRUE"
"4829","2025-12-29","22","37","408.99","15132.63","Online","FALSE"
"4830","2025-06-25","191","9","1053.82","9484.38","Direct","TRUE"
"4831","2026-04-07","48","30","187.54","5626.2","Direct","TRUE"
"4832","2025-07-06","80","8","29.3","234.4","Online","TRUE"
"4833","2024-09-20","172","4","151.65","606.6","Retail","TRUE"
"4834","2025-07-30","116","8","620.25","4962","Partner","TRUE"
"4835","2025-01-08","133","24","237.85","5708.4","Online","TRUE"
"4836","2025-01-05","198","19","673.37","12794.03","Online","FALSE"
"4837","2026-03-03","118","4","609.71","2438.84","Partner","TRUE"
"4838","2025-02-09","78","29","235.09","6817.61","Direct","TRUE"
"4839","2026-05-02","89","13","467.12","6072.56","Partner","TRUE"
"4840","2025-09-27","144","20","610.47","12209.4","Direct","FALSE"
"4841","2025-12-13","122","18","528.17","9507.06","Online","FALSE"
"4842","2025-06-07","92","10","209.64","2096.4","Retail","FALSE"
"4843","2024-10-29","133","21","1156.06","24277.26","Retail","TRUE"
"4844","2026-05-11","173","18","768.94","13840.92","Partner","TRUE"
"4845","2026-01-15","107","35","121.24","4243.4","Direct","TRUE"
"4846","2025-01-06","34","12","491.82","5901.84","Partner","TRUE"
"4847","2026-08-11","51","12","1119.31","13431.72","Online","TRUE"
"4848","2026-03-17","164","27","715.54","19319.58","Online","TRUE"
"4849","2025-03-20","93","26","748.23","19453.98","Retail","FALSE"
"4850","2026-02-16","4","1","41.91","41.91","Online","TRUE"
"4851","2025-07-10","49","3","915.16","2745.48","Retail","TRUE"
"4852","2025-11-23","105","15","210.45","3156.75","Retail","FALSE"
"4853","2026-08-07","95","24","223.85","5372.4","Direct","TRUE"
"4854","2025-09-05","44","13","423.78","5509.14","Retail","TRUE"
"4855","2025-07-12","22","2","1174.59","2349.18","Online","TRUE"
"4856","2026-07-17","127","39","163.79","6387.81","Partner","TRUE"
"4857","2025-07-31","190","13","668.89","8695.57","Partner","FALSE"
"4858","2026-05-06","107","33","804.27","26540.91","Retail","TRUE"
"4859","2025-05-04","182","24","385.51","9252.24","Retail","TRUE"
"4860","2024-11-09","88","37","79.55","2943.35","Online","TRUE"
"4861","2026-05-19","3","20","216.79","4335.8","Direct","FALSE"
"4862","2026-03-25","22","30","870.34","26110.2","Online","TRUE"
"4863","2026-07-02","180","14","401.36","5619.04","Direct","TRUE"
"4864","2026-09-08","122","35","307.13","10749.55","Partner","TRUE"
"4865","2025-10-11","22","15","936.56","14048.4","Online","FALSE"
"4866","2025-07-18","165","16","787.14","12594.24","Direct","TRUE"
"4867","2025-02-04","98","10","574.83","5748.3","Direct","TRUE"
"4868","2025-09-29","76","27","1112.14","30027.78","Retail","TRUE"
"4869","2026-02-26","179","31","50.42","1563.02","Online","FALSE"
"4870","2025-10-04","11","29","169.53","4916.37","Online","TRUE"
"4871","2025-09-01","85","19","953.92","18124.48","Retail","FALSE"
"4872","2025-02-21","118","5","66.89","334.45","Partner","TRUE"
"4873","2026-06-23","119","23","602.98","13868.54","Partner","TRUE"
"4874","2026-01-22","46","39","1055.17","41151.63","Retail","TRUE"
"4875","2026-07-24","142","2","1168.92","2337.84","Direct","TRUE"
"4876","2026-03-16","168","27","45.44","1226.88","Retail","TRUE"
"4877","2025-05-22","99","26","149.73","3892.98","Retail","TRUE"
"4878","2025-06-25","169","6","169.01","1014.06","Retail","TRUE"
"4879","2025-03-14","97","7","352.18","2465.26","Online","TRUE"
"4880","2025-10-13","188","36","196.05","7057.8","Retail","TRUE"
"4881","2026-09-02","41","4","112.81","451.24","Retail","TRUE"
"4882","2024-12-29","91","25","34.46","861.5","Online","TRUE"
"4883","2026-01-14","13","24","425.19","10204.56","Online","FALSE"
"4884","2024-10-15","151","3","394.88","1184.64","Direct","TRUE"
"4885","2026-05-26","196","1","1113.05","1113.05","Retail","TRUE"
"4886","2025-08-31","138","23","48.28","1110.44","Online","TRUE"
"4887","2026-06-13","189","9","385.88","3472.92","Direct","TRUE"
"4888","2025-01-18","168","14","56.61","792.54","Direct","FALSE"
"4889","2026-04-12","92","14","641.59","8982.26","Retail","TRUE"
"4890","2026-01-22","176","1","346.43","346.43","Online","FALSE"
"4891","2025-08-18","108","4","307.87","1231.48","Retail","TRUE"
"4892","2025-11-12","147","37","381.84","14128.08","Direct","FALSE"
"4893","2025-04-26","127","21","213.97","4493.37","Partner","TRUE"
"4894","2026-05-01","37","3","193.34","580.02","Partner","TRUE"
"4895","2026-05-23","52","5","906.87","4534.35","Direct","TRUE"
"4896","2026-01-18","9","21","600.93","12619.53","Retail","TRUE"
"4897","2026-01-13","193","12","1179.06","14148.72","Partner","TRUE"
"4898","2025-06-27","196","39","460.09","17943.51","Partner","TRUE"
"4899","2025-12-17","189","39","316.68","12350.52","Retail","TRUE"
"4900","2026-06-23","89","33","1080.28","35649.24","Partner","TRUE"
"4901","2026-01-25","70","17","934.48","15886.16","Partner","TRUE"
"4902","2025-08-29","79","27","576.78","15573.06","Online","TRUE"
"4903","2025-11-07","121","15","256.2","3843","Partner","TRUE"
"4904","2025-04-09","123","1","521.72","521.72","Partner","TRUE"
"4905","2025-11-06","6","22","691.79","15219.38","Direct","TRUE"
"4906","2024-10-13","109","8","728.55","5828.4","Retail","TRUE"
"4907","2025-06-09","158","14","131.23","1837.22","Direct","TRUE"
"4908","2025-05-25","165","9","400.16","3601.44","Online","TRUE"
"4909","2025-08-24","83","14","577.45","8084.3","Direct","TRUE"
"4910","2024-12-24","116","4","971.22","3884.88","Partner","TRUE"
"4911","2025-10-24","2","32","1187.32","37994.24","Partner","TRUE"
"4912","2025-11-06","87","35","1013.85","35484.75","Partner","FALSE"
"4913","2025-11-16","128","7","241.65","1691.55","Direct","TRUE"
"4914","2026-01-14","31","22","1079.26","23743.72","Retail","TRUE"
"4915","2025-11-05","45","38","915.77","34799.26","Retail","TRUE"
"4916","2025-10-24","152","33","943.7","31142.1","Partner","TRUE"
"4917","2025-06-21","7","15","655.88","9838.2","Partner","TRUE"
"4918","2025-12-17","159","3","558.51","1675.53","Online","TRUE"
"4919","2025-05-13","18","6","1130.14","6780.84","Partner","TRUE"
"4920","2026-08-27","170","25","735.93","18398.25","Online","TRUE"
"4921","2026-05-28","82","7","455.47","3188.29","Retail","TRUE"
"4922","2026-05-10","124","38","868.18","32990.84","Online","TRUE"
"4923","2025-04-30","26","16","406.25","6500","Retail","TRUE"
"4924","2025-12-14","35","26","1198.29","31155.54","Online","FALSE"
"4925","2025-10-31","107","7","884.93","6194.51","Partner","FALSE"
"4926","2025-07-27","150","25","395.42","9885.5","Direct","TRUE"
"4927","2026-01-04","107","21","823.63","17296.23","Direct","TRUE"
"4928","2024-10-13","120","26","596.26","15502.76","Direct","FALSE"
"4929","2025-09-22","173","20","988.96","19779.2","Online","FALSE"
"4930","2026-08-15","179","35","93.38","3268.3","Online","TRUE"
"4931","2025-11-10","186","7","839.34","5875.38","Retail","TRUE"
"4932","2025-05-08","51","32","57.28","1832.96","Online","TRUE"
"4933","2026-03-18","94","32","13.67","437.44","Retail","FALSE"
"4934","2025-10-02","14","12","226.39","2716.68","Direct","TRUE"
"4935","2025-04-10","144","17","352.58","5993.86","Online","TRUE"
"4936","2025-09-02","22","29","1183.46","34320.34","Online","TRUE"
"4937","2026-07-31","89","6","409.66","2457.96","Online","TRUE"
"4938","2025-10-01","172","23","474.19","10906.37","Partner","TRUE"
"4939","2025-03-14","110","28","360.16","10084.48","Retail","FALSE"
"4940","2025-01-29","192","22","991.66","21816.52","Partner","TRUE"
"4941","2025-02-17","98","1","971.08","971.08","Direct","TRUE"
"4942","2026-03-10","35","27","973.08","26273.16","Partner","TRUE"
"4943","2025-12-14","197","3","642.77","1928.31","Partner","TRUE"
"4944","2025-04-28","27","6","1047.26","6283.56","Direct","TRUE"
"4945","2024-10-30","108","5","623.39","3116.95","Partner","TRUE"
"4946","2025-03-03","181","15","467.49","7012.35","Online","TRUE"
"4947","2026-07-09","2","13","622.34","8090.42","Partner","TRUE"
"4948","2025-02-22","83","35","724.92","25372.2","Retail","TRUE"
"4949","2025-04-09","121","29","212.92","6174.68","Retail","FALSE"
"4950","2026-08-10","33","30","529.7","15891","Retail","TRUE"
"4951","2025-10-09","148","17","737.38","12535.46","Retail","FALSE"
"4952","2026-03-20","54","5","642.92","3214.6","Retail","TRUE"
"4953","2025-01-18","125","4","159.12","636.48","Direct","TRUE"
"4954","2026-08-27","112","9","783.62","7052.58","Direct","FALSE"
"4955","2024-11-04","1","34","813.69","27665.46","Direct","TRUE"
"4956","2026-03-15","37","4","1133.79","4535.16","Direct","TRUE"
"4957","2026-01-06","118","30","839.91","25197.3","Retail","TRUE"
"4958","2025-04-26","48","17","106.33","1807.61","Retail","TRUE"
"4959","2025-04-16","8","17","410.48","6978.16","Online","TRUE"
"4960","2024-11-25","185","10","424.72","4247.2","Retail","TRUE"
"4961","2026-02-16","92","12","366.58","4398.96","Direct","TRUE"
"4962","2024-12-06","92","1","950.41","950.41","Direct","FALSE"
"4963","2025-11-23","92","35","292.51","10237.85","Retail","TRUE"
"4964","2026-07-24","74","11","798.07","8778.77","Direct","TRUE"
"4965","2026-02-09","126","27","764.48","20640.96","Partner","TRUE"
"4966","2025-06-15","67","3","105.71","317.13","Online","TRUE"
"4967","2025-02-08","100","3","982.55","2947.65","Online","TRUE"
"4968","2026-07-19","127","16","1199.28","19188.48","Direct","TRUE"
"4969","2024-12-06","173","37","252.6","9346.2","Direct","TRUE"
"4970","2026-01-15","194","5","750.83","3754.15","Partner","FALSE"
"4971","2024-11-15","31","33","926.85","30586.05","Partner","TRUE"
"4972","2026-05-04","142","4","694.13","2776.52","Direct","FALSE"
"4973","2025-10-31","38","33","122.08","4028.64","Online","TRUE"
"4974","2025-02-02","179","28","394.94","11058.32","Direct","TRUE"
"4975","2026-04-23","22","6","759.02","4554.12","Retail","TRUE"
"4976","2025-02-22","29","21","705.4","14813.4","Online","FALSE"
"4977","2025-04-10","56","2","1017.67","2035.34","Online","TRUE"
"4978","2026-04-28","128","1","1065","1065","Retail","TRUE"
"4979","2025-07-12","150","22","1037.69","22829.18","Direct","TRUE"
"4980","2025-07-27","144","24","999.41","23985.84","Partner","TRUE"
"4981","2026-01-28","122","11","51.86","570.46","Partner","TRUE"
"4982","2024-11-02","141","25","1150.71","28767.75","Retail","TRUE"
"4983","2026-06-30","89","17","191.04","3247.68","Partner","TRUE"
"4984","2025-10-22","183","13","172.77","2246.01","Online","TRUE"
"4985","2025-08-02","57","12","774.92","9299.04","Partner","TRUE"
"4986","2024-11-16","26","12","85.26","1023.12","Partner","TRUE"
"4987","2025-12-02","132","31","847.89","26284.59","Online","FALSE"
"4988","2025-10-04","104","5","450.62","2253.1","Online","TRUE"
"4989","2026-07-23","120","12","94.87","1138.44","Partner","TRUE"
"4990","2024-12-15","3","23","887.44","20411.12","Partner","TRUE"
"4991","2024-10-04","69","24","719.8","17275.2","Partner","TRUE"
"4992","2025-02-07","63","10","702.85","7028.5","Online","TRUE"
"4993","2024-09-26","36","25","1028.25","25706.25","Partner","TRUE"
"4994","2026-02-15","9","29","1137.62","32990.98","Retail","TRUE"
"4995","2026-08-26","17","29","1051.67","30498.43","Online","TRUE"
"4996","2025-03-14","152","31","636.79","19740.49","Direct","TRUE"
"4997","2025-08-04","34","18","589.88","10617.84","Direct","FALSE"
"4998","2025-01-02","112","30","857.31","25719.3","Partner","TRUE"
"4999","2026-06-02","67","7","955.5","6688.5","Partner","TRUE"
"5000","2026-04-09","173","8","153.89","1231.12","Partner","TRUE"
